file_name,label
data/3ecceac8-7583948982750022932.mp4,game
data/13b788a0-6906117952534367489.mp4,politically_sensitive
data/e7f0c75a-Download_-_2026-01-10T190943.456.mp4,"sexual_harm,cultural_violation"
data/f54823db-7571406800616951048.mp4,toxic_behavior
data/a12f3ba1-7584061438008888592.mp4,game_risk_impact
data/519aa51e-7580588380421983489.mp4,dangerous_acts
data/56ff5e3c-7566036406443838740.mp4,"normal_content,toxic_behavior"
data/c0fcdd90-7542876942991723794.mp4,politically_sensitive
data/a0103ec1-Download_43.mp4,graphic_violence
data/729fcf68-7494812927237590318.mp4,normal_content
data/cb6828d7-Download_-_2026-01-11T143813.010.mp4,normal_content
data/517eebc6-7563549208523984148.mp4,"self_harm_suicide,normal_content"
data/791def7d-sc6.mp4,scam_fraud
data/bb3a2271-7315291457831570694.mp4,educational_history
data/774042c6-7570954002075110676.mp4,normal_content
data/9f9d1164-7551400796861009173.mp4,gambling_drugs
data/0b87dddf-Download_-_2026-01-10T180508.530.mp4,scam_fraud
data/6a27c21b-7437133809495149831.mp4,self_harm_suicide
data/ad1bb39e-Download_-_2026-01-11T143149.355.mp4,sexual_harm
data/dd5161b1-7514895356392394002.mp4,normal_content
data/db77c3d0-sthvskhbook_official8-2025-12-18_2046-Vua-Minh-Mạng-1791-1841-tên-thật_SoPzOrS.mp4,educational_history
data/f12d4a4e-7491338743123643670.mp4,normal_content
data/58c4c573-7576231701639204104.mp4,normal_content
data/ca92eb02-7284991879303662880.mp4,normal_content
data/eb9e4297-7552528566429273351.mp4,normal_content
data/55aa93ee-7553947593303198994.mp4,normal_content
data/bd29a66a-7557236070820220167.mp4,"sexual_harm,normal_content"
data/204d8799-Download_93.mp4,scam_fraud
data/e0a374ad-7473029794544880904.mp4,normal_content
data/93118fdb-7535820960956550422.mp4,sexual_harm
data/f86d41c5-7546064353414483201.mp4,sexual_harm
data/82f1a1f0-7565033638941789458.mp4,normal_content
data/50fc11c8-Download_-_2026-01-11T150917.734.mp4,toxic_behavior
data/fa51ee72-7332831841931562241.mp4,normal_content
data/8ea823c4-7571114383145798920.mp4,sexual_harm
data/909dd7e9-7559869618551098631.mp4,normal_content
data/178000ae-7554974706785422610.mp4,sexual_harm
data/0fdf8bdb-7572888703165533460.mp4,"scam_fraud,normal_content"
data/38128ff0-truong.dinhnam-2025-07-12_2143-Phân-biệt-Tiền-Lê-Hậu-Lê-Lê-Sơ-Lê-Trung_lF6wACH.mp4,educational_history
data/83646bda-Download_44.mp4,"ai_slop,sexual_harm"
data/4626cc13-7447885581406735638.mp4,ai_slop
data/43ac34ed-hanquoc60s-2023-02-10_2103-Công-viên-ma-ám-đáng-sợ-nhất-Hàn-Quốc-bạn-c_sXkMult.mp4,graphic_violence
data/bc8bd517-7545034326082194695.mp4,normal_content
data/ab6a012f-7514636069481155847.mp4,self_harm_suicide
data/617ecdd1-7561994319230553357.mp4,normal_content
data/272217c4-culture-edge-1600.mp4,cultural_violation
data/93e2ecf7-Download_-_2026-01-11T152757.137.mp4,normal_content
data/2964e718-7549629278019669256.mp4,normal_content
data/6e727b9a-glambing_42787.mp4,gambling_drugs
data/56b86618-7559216729251974418.mp4,normal_content
data/52675ba1-7557190996186893584.mp4,game
data/fc6e51f1-7542752713331772685.mp4,normal_content
data/fb85b091-7455841327478164782.mp4,dangerous_acts
data/53b466f5-Download_59.mp4,horror_scary
data/ed12de15-glambing_89654.mp4,gambling_drugs
data/bfceafa5-Download_-_2026-01-11T141723.225.mp4,normal_content
data/41928aaf-7286447541439253778.mp4,normal_content
data/f13a9d2b-7583678815919033656.mp4,game_risk_impact
data/fc1cdc83-Download_-_2026-01-11T144628.960.mp4,educational_history
data/4c8d4b82-7582091242209611016.mp4,normal_content
data/969e336b-7574859674995019009.mp4,educational_history
data/0dda1177-7164609799378865454.mp4,normal_content
data/5d8ff35c-Download_-_2026-01-10T190834.596.mp4,sexual_harm
data/535a983f-culture-edge-5878.mp4,cultural_violation
data/56597bbb-003_vudaden789.mp4,game
data/1216687d-7566644028633025799.mp4,sexual_harm
data/f2a358d5-Download_-_2026-01-12T092448.665.mp4,normal_content
data/bedf346f-7584284774127160584.mp4,politically_sensitive
data/b7c50eba-glambing_42271.mp4,"gambling_drugs,game_risk_impact"
data/51a620aa-7303189132690427168.mp4,game
data/133e76c2-7582057177263672583.mp4,sexual_harm
data/2c51bc3e-7554184157295856904.mp4,educational_history
data/5c4c8c2f-7501296016629566775.mp4,normal_content
data/aafa7fef-7587037862239997191.mp4,educational_history
data/81866b1b-7575919741508783380.mp4,normal_content
data/d6c270fa-7580072876406000918.mp4,ai_slop
data/3391097b-7461580178611834130.mp4,"sexual_harm,normal_content"
data/8eae7e78-Download_17.mp4,horror_scary
data/be460ced-7579617576037240085.mp4,sexual_harm
data/ec9babad-Download_56.mp4,toxic_behavior
data/bd866b98-Download_47.mp4,sexual_harm
data/22d2564b-Download_37.mp4,ai_slop
data/d2627520-7048053353988836609.mp4,cultural_violation
data/5b6290ae-Download_-_2026-01-11T152130.331.mp4,dangerous_acts
data/dec2f2bc-7515095757251235073.mp4,politically_sensitive
data/07309252-7299793257532312850.mp4,toxic_behavior
data/92d636f0-7579154267953433867.mp4,normal_content
data/04980f9b-7537265343652285752.mp4,sexual_harm
data/330a1695-7479346198185381137.mp4,normal_content
data/57fb7f38-7565816054182628615.mp4,"normal_content,toxic_behavior"
data/0190f32c-7575868625433742600.mp4,game
data/c454446f-Download_-_2026-01-31T171116.144.mp4,graphic_violence
data/c7bba037-viet.nam.anh.hung-2023-02-17_1111-Thái-Tổ-Lý-Công-Uẩn-nguồn-Việt-sử-ki_JifI1Lp.mp4,educational_history
data/08883485-7529021251638086917.mp4,normal_content
data/e7f59b52-7449156065423330566.mp4,normal_content
data/257b62b1-6953112164714482945.mp4,scam_fraud
data/014bcae1-7580823734706130197.mp4,politically_sensitive
data/d9cc5ab4-7439399793664773394.mp4,"sexual_harm,cultural_violation"
data/8ab6376b-TikDown.com_TikTok_Media_001_8e4dabe1e2bf358010004dc7d5ced86d.mp4,"dangerous_acts,cultural_violation"
data/0f6b192e-7515629444426452242.mp4,normal_content
data/77ac135a-lthc.lsvn-2025-05-20_1901-Vua-Lê-Long-Đĩnh-Lê-Ngọa-Triều.-Vị-vua-cuối-_U1dZnng.mp4,educational_history
data/f8069b98-7438921247561485624.mp4,normal_content
data/c92680d1-Download_26.mp4,ai_slop
data/a61b8b5c-Download_-_2026-01-11T151736.259.mp4,dangerous_acts
data/0c23e9c0-Download_-_2026-01-12T101126.006.mp4,sexual_harm
data/3a7b1a9a-7178709731375074562.mp4,"game,toxic_behavior"
data/a448ef84-Download_-_2026-01-12T091337.937.mp4,normal_content
data/63ffc31e-7496505162996108551.mp4,normal_content
data/80efad43-Download_-_2026-01-12T092532.478.mp4,toxic_behavior
data/dd5118f6-7397243958964817159.mp4,normal_content
data/7394323f-7555494421911866632.mp4,"sexual_harm,cultural_violation"
data/86ac0755-7540184997760699666.mp4,normal_content
data/8502e48a-7514544018441735432.mp4,game
data/b9da7897-7583721848861461781.mp4,normal_content
data/63ad62cc-7504089187654651141.mp4,sexual_harm
data/bd826f25-7573617453629050133.mp4,sexual_harm
data/2ddeceb2-culture-edge-6084.mp4,cultural_violation
data/398ff5f1-glambing_58649.mp4,gambling_drugs
data/1a35e0ff-7582565154538179862.mp4,normal_content
data/1ea77a19-Download_-_2026-01-31T171853.165.mp4,ai_slop
data/1ce87394-7589166536422739207.mp4,normal_content
data/af812e9b-7515666536925908231.mp4,educational_history
data/9ed7e468-7169127462612323610.mp4,normal_content
data/9b6bd18b-nguoikechuyenlichsuvn-2025-09-28_1744-Hồ-Chí-Minh-Từ-Thầy-Giáo-Nghèo-Đ_V3CistZ.mp4,educational_history
data/adcdf77d-7567086917343300877.mp4,normal_content
data/96d5ac5d-7551332352505482504.mp4,ai_slop
data/4a43dd94-7582079128271097109.mp4,normal_content
data/53cf090d-7558189800516291841.mp4,normal_content
data/59ab10a8-Download_-_2026-01-31T173725.689.mp4,dangerous_acts
data/1e9e817f-anan00602-2023-07-21_0519-Tình-yêu-và-thuốc-lá-Cơn-đau-không-thể-nói-t_96AKbiU.mp4,gambling_drugs
data/90f83d9b-sutonghop-2025-05-02_1955-Thời-Nguyễn-Phần-1-Gia-Long-thống-nhất-đất-n_rWhCblA.mp4,educational_history
data/b22669cd-7571048267123936533.mp4,ai_slop
data/921cdd9f-7580565769516354823.mp4,normal_content
data/084add4e-7540219810244807944.mp4,ai_slop
data/eb8a208b-7537907592606092551.mp4,normal_content
data/017fa8b2-7483102066706107666.mp4,normal_content
data/501885f5-Download_-_2026-01-11T150105.647.mp4,cultural_violation
data/6193e4aa-7557284690588093707.mp4,sexual_harm
data/d5f6ed33-Download_80.mp4,scam_fraud
data/0aac236f-7573898899782372615.mp4,normal_content
data/f8464c2d-7264589237419396358.mp4,normal_content
data/d07c6834-Download_28.mp4,graphic_violence
data/dadcdadc-Download_48.mp4,horror_scary
data/175b23c8-Download_-_2026-01-11T151233.344.mp4,normal_content
data/e4b9ba79-7374393015051308309.mp4,normal_content
data/5dd1c4be-Download_27.mp4,ai_slop
data/df44d894-Download_65.mp4,toxic_behavior
data/73116bd0-Download_-_2026-01-11T153817.342.mp4,normal_content
data/3dd21212-7562764918215281938.mp4,normal_content
data/06e46f2d-7580231737909759252.mp4,cultural_violation
data/e3055913-7549475162450709815.mp4,gambling_drugs
data/872ffd8c-Download_81.mp4,scam_fraud
data/b3e27a68-7583667404971183380.mp4,normal_content
data/cfa00c1b-theannh_2025-01-27_1613-Có-tiền-thì-có-chapnam-hết-tiền-chỉ-có-saigon-_4uMkt5x.mp4,gambling_drugs
data/19d41d2c-7588380284291206408.mp4,"scam_fraud,normal_content"
data/01bb8f6c-001_danielmart.mp4,game
data/f6509d6d-Download_18.mp4,"graphic_violence,ai_slop"
data/cbac823a-snaptik.vn_otfyq.mp4,ai_slop
data/7e25fd69-Download_68.mp4,toxic_behavior
data/93ec18d5-7519113222503337234.mp4,graphic_violence
data/18ae3d6d-Download_-_2026-01-10T172510.142.mp4,scam_fraud
data/2e769be5-7562451671213788424.mp4,normal_content
data/c975b850-7062303891148262657.mp4,normal_content
data/63e2b4d7-7574392724296633618.mp4,normal_content
data/3d534b4b-Download_-_2026-01-31T171311.463.mp4,graphic_violence
data/86fa67f0-7472036942482361608.mp4,normal_content
data/055fc1ea-Download_-_2026-01-10T180856.627.mp4,"scam_fraud,toxic_behavior"
data/0b6a185a-7578799975748865302.mp4,normal_content
data/aa84c89d-stridahsangels-2025-05-01_2305-Perfect-stab-to-the-throat-ends-duel-in_lmbzzaT.mp4,"graphic_violence,game_risk_impact"
data/fb3d8345-7570814959228079391.mp4,sexual_harm
data/5fe422ff-7555861598271835410.mp4,normal_content
data/3aa7dc99-7568043463636258068.mp4,sexual_harm
data/97abf1d2-vinhha1970-2025-12-27_0550-vì-sao-Thái-Cam-tranh-chấp-những-ngôi-đền-đ_u3QU06R.mp4,politically_sensitive
data/92d49582-7556596500437011732.mp4,normal_content
data/bee9cda6-snaptik.vn_LkrE2.mp4,horror_scary
data/6f0ad996-7565948483086077202.mp4,normal_content
data/dfb78c55-7326655253611515141.mp4,normal_content
data/814e751b-glambing_91202.mp4,cultural_violation
data/8e788d80-7561023602007493896.mp4,game
data/2a98cc10-glambing_13725.mp4,gambling_drugs
data/38b21f15-Download_64.mp4,"game_risk_impact,horror_scary"
data/4be89724-7576575673926470928.mp4,normal_content
data/7d0bb6a5-7584063227806469384.mp4,toxic_behavior
data/e4f97d95-7468177768400833798.mp4,sexual_harm
data/30c76457-Download_57.mp4,ai_slop
data/1d567f05-7103934605870337307.mp4,"normal_content,toxic_behavior"
data/318f4ff6-7565069737047100690.mp4,normal_content
data/8497fd9b-7549757812591709458.mp4,game
data/d36ee314-7569757401595825421.mp4,normal_content
data/0e15c46b-TikDown.com_TikTok_Media_001_b356df1ce660941dc4cc499a4bb8e1b2.mp4,graphic_violence
data/bf261455-cul3.mp4,cultural_violation
data/1a12e4d7-Download_-_2026-01-31T174400.151.mp4,dangerous_acts
data/f775a942-7574739456557616392.mp4,normal_content
data/b73d5a1f-7577413719903210769.mp4,ai_slop
data/8adb3090-Download_53.mp4,sexual_harm
data/8488670a-Download_-_2026-01-11T145546.327.mp4,toxic_behavior
data/b2d2bc7b-glambing_28261.mp4,gambling_drugs
data/de1fbf4f-7381530484037274912.mp4,"graphic_violence,dangerous_acts,horror_scary"
data/c1b484bd-chng.nhn.lch.s-2025-05-04_1242-TRẬN-ĐÁNH-NHỔ-CỨ-ĐIỂM-QUANG-THẠNH-Trận-_sMCqkrL.mp4,educational_history
data/1dcd87c3-7298145753384455457.mp4,toxic_behavior
data/faeb43c5-7556200262499667218.mp4,normal_content
data/15922452-7582915103272619286.mp4,sexual_harm
data/fd765ba7-Download_-_2026-01-11T152222.170.mp4,normal_content
data/7dbbfb6d-7570827005969681694.mp4,normal_content
data/daf9f686-7581335712839044370.mp4,normal_content
data/e647223c-thangbansachtinikun-2026-01-03_1745-Ông-Trump-tuyên-bố-Mỹ-đã-không-kíc_0KsZ3nx.mp4,politically_sensitive
data/95d50c3a-Download_-_2026-01-12T095118.047.mp4,horror_scary
data/efb27738-7566642951988825366.mp4,normal_content
data/c5357bd2-7584029081755241749.mp4,politically_sensitive
data/31a34e09-Download_-_2026-01-10T190612.218.mp4,"sexual_harm,cultural_violation"
data/b400002b-glambing_91611.mp4,gambling_drugs
data/0a23c94f-glambing_70480.mp4,gambling_drugs
data/15fd3827-7372058138222152967.mp4,normal_content
data/58a85355-7021467635959287042.mp4,gambling_drugs
data/9400cd41-7234858279363448069.mp4,self_harm_suicide
data/33be4b68-Download_24.mp4,graphic_violence
data/17adf52a-Download_-_2026-01-11T151408.132.mp4,dangerous_acts
data/77c835ed-7271836053491682566.mp4,normal_content
data/745ce09d-culture-edge-5184.mp4,cultural_violation
data/51fbd4fd-Download_75.mp4,toxic_behavior
data/acbe481a-7375162397113306386.mp4,normal_content
data/6ad33f22-Download_-_2026-01-11T153125.399.mp4,self_harm_suicide
data/f4643499-Download_97.mp4,normal_content
data/c936a82a-7456352443123682578.mp4,normal_content
data/7be3b877-7542787633030630711.mp4,normal_content
data/fd65438d-glambing_44852.mp4,gambling_drugs
data/5bb4cf92-7401497800195788040.mp4,normal_content
data/0d70099d-7300000511577705729.mp4,dangerous_acts
data/a375ec9c-Download_51.mp4,toxic_behavior
data/78b629d0-suthatkhoahocc-2025-06-20_1745-Bánh-xe-tra-tấn-cổ-đại-khamphakhoahoc-s_rarcLjq.mp4,graphic_violence
data/5178a7b1-7497984253888679184.mp4,normal_content
data/f0e9a0ac-7477024553571601672.mp4,normal_content
data/96f84fcc-7560997503940758814.mp4,sexual_harm
data/9a7d59cb-7142835902358785306.mp4,"toxic_behavior,cultural_violation"
data/3118dc09-Download_-_2026-01-11T151332.226.mp4,dangerous_acts
data/b54ce6e2-glambing_80463.mp4,graphic_violence
data/7f5b92d4-7568108489873067286.mp4,normal_content
data/8148b20a-7442626020487728402.mp4,normal_content
data/4557c811-7502762627651685662.mp4,normal_content
data/732efb43-Download_-_2026-01-11T143515.683.mp4,sexual_harm
data/7b5644e3-Download_-_2026-01-10T191230.933.mp4,sexual_harm
data/159dd0ec-7572622219608608018.mp4,"self_harm_suicide,horror_scary"
data/ae1ca512-7570835232568577298.mp4,sexual_harm
data/4e6ac3fc-Download_-_2026-01-31T173049.330.mp4,dangerous_acts
data/d0c6eedd-culture-edge-4650.mp4,cultural_violation
data/50008e50-7573546517244513543.mp4,normal_content
data/76654060-7251192920634674438.mp4,normal_content
data/ac06860c-7517547692336090386.mp4,educational_history
data/ac2f5321-7556624599673326868.mp4,normal_content
data/49461a1d-Download_9.mp4,graphic_violence
data/ed2477c1-7584349740813405460.mp4,normal_content
data/f0b0b277-7589249115687505170.mp4,sexual_harm
data/34ce037c-battlecryyyy-2023-12-26_1130-BÍ-ẨN-LỊCH-SỬ-NÙNG-TRÍ-CAO-KẺ-PHẢN-LOẠN-H_TsvSDCG.mp4,educational_history
data/4f196a52-7479050560986041607.mp4,toxic_behavior
data/3cedfe4f-TikTok_Downloader-1768116937.mp4,"normal_content,toxic_behavior"
data/e26d2c22-7532466741205601543.mp4,normal_content
data/332f16d4-7557319175903956232.mp4,"game,toxic_behavior"
data/a2ecfa3a-7534791921550511382.mp4,ai_slop
data/b61ef44b-7546085508246506768.mp4,cultural_violation
data/05d629ba-7564648545840614663.mp4,normal_content
data/b5b5b839-7201159895167716654.mp4,normal_content
data/f84975a7-7583676374989163796.mp4,normal_content
data/2e18aafc-Download_-_2026-01-10T190357.944.mp4,horror_scary
data/c0ab617c-7285946950808096001.mp4,normal_content
data/4391ecca-7486029579090414866.mp4,normal_content
data/7cc58a04-7521642862233062663.mp4,politically_sensitive
data/d0c53b90-7570731280132885790.mp4,normal_content
data/b6344775-7552056433588620551.mp4,ai_slop
data/f7c5fd15-7573693237232291094.mp4,ai_slop
data/8f597208-Download_-_2026-01-31T170907.434.mp4,graphic_violence
data/6daff0cb-culture-edge-2100.mp4,"dangerous_acts,cultural_violation"
data/7347a767-7568233540274359583.mp4,normal_content
data/600856d9-7559830797847366919.mp4,educational_history
data/e6826bcf-7203113197186862382.mp4,normal_content
data/02fbeb20-7572980237546343697.mp4,toxic_behavior
data/1f9fcb13-7524711674994101534.mp4,normal_content
data/8ba09b3d-edwardnhieuchuyen-2025-12-16_0050-CÚP-BẾ-BÙN-LẦY-NHẤT-GHÊ-RỢN-NHẤT-THÁ_pOxhkse.mp4,"graphic_violence,horror_scary"
data/036a1f15-big.shark245-2025-02-07_1547-Ngươ-i-nghe-o-nên-đâ-u-tư-tiê-n-a-o-bitco_AWMhlGh.mp4,scam_fraud
data/9d6f4ad6-7530636118182595848.mp4,normal_content
data/6f5ecb9b-7576611103329766674.mp4,sexual_harm
data/810c9f7d-7578636009286487318.mp4,normal_content
data/5837b1d2-7531639687589465351.mp4,normal_content
data/149d23e6-7333130774406909189.mp4,normal_content
data/d7980e54-vietnam_history_z-2025-04-30_1200-Kháng-Chiến-Chống-Mỹ-Giải-Phóng-Miền_tC4fsCz.mp4,educational_history
data/147c254a-7531761441800473886.mp4,sexual_harm
data/1a31b3a6-7567241108716064008.mp4,educational_history
data/24c46894-Download_-_2026-01-12T094729.755.mp4,sexual_harm
data/d191b718-7583926890973482258.mp4,normal_content
data/0cf26db7-7545866205551283478.mp4,ai_slop
data/82bea63f-7559239855587314951.mp4,normal_content
data/c7d84c16-7169614588193901867.mp4,normal_content
data/2f1d49c5-Download_-_2026-01-12T220647.822.mp4,sexual_harm
data/85b35633-7446806266183273745.mp4,normal_content
data/636c67f8-Download_-_2026-01-12T091419.680.mp4,dangerous_acts
data/f6c98902-Download_22.mp4,horror_scary
data/b8c31c8b-7578425903642873095.mp4,normal_content
data/ca9c46d6-Download_-_2026-01-31T175104.775.mp4,"dangerous_acts,self_harm_suicide"
data/0d4a9ff1-Download_-_2026-01-11T152243.386.mp4,normal_content
data/55ae4f77-7314339897949703432.mp4,"gambling_drugs,normal_content"
data/7703ab05-7585891637188988181.mp4,normal_content
data/01cf63f0-7573613517903760648.mp4,normal_content
data/0c0361b8-Download_-_2026-01-10T190258.926.mp4,cultural_violation
data/7475d41e-7545459258050022674.mp4,normal_content
data/845cb0a3-7584055907848391956.mp4,game
data/bcb94d80-7312753366457781509.mp4,sexual_harm
data/d73d8d5e-7260583303726501122.mp4,normal_content
data/9473769f-7518403060306070802.mp4,normal_content
data/76addefc-7503566083052391698.mp4,dangerous_acts
data/d6e2cf73-Download_-_2026-01-12T223718.061.mp4,scam_fraud
data/5ceebb54-7566809079063104775.mp4,normal_content
data/f8ef6d63-7515300107533716744.mp4,politically_sensitive
data/0415a999-7583254268883389709.mp4,ai_slop
data/afaa97d0-7582569332559875336.mp4,normal_content
data/139fa170-sbtnews-2025-04-10_0154-Vídeos-que-mostram-uma-cachorrinha-da-raça-shi_qZgkTu8.mp4,graphic_violence
data/c1294d99-7584646880760761607.mp4,dangerous_acts
data/854741da-Download_20.mp4,horror_scary
data/a6eeb6ec-vio10.mp4,graphic_violence
data/ec0f214e-7551086577775152402.mp4,normal_content
data/efb062ff-7572130632197836063.mp4,normal_content
data/5642652a-anh.c.crypto-2026-01-29_1747-Cột-mốc-mới-sau-7-năm-pi-pinetwork-760073_GwF1Bht.mp4,scam_fraud
data/86801f3d-7584047465708473620.mp4,game
data/5d23f109-7580736464225389844.mp4,normal_content
data/891daf69-7430774579812912392.mp4,self_harm_suicide
data/6f625902-7463025142092877063.mp4,normal_content
data/3413c1cd-7568124594385587463.mp4,normal_content
data/6a74f9bc-Download_-_2026-01-31T171730.147.mp4,"ai_slop,dangerous_acts,horror_scary"
data/052adb9e-7563248077352504587.mp4,normal_content
data/dab4b839-Download_-_2026-01-12T094646.404.mp4,"horror_scary,cultural_violation"
data/f4c8ce8b-7553105910873246984.mp4,normal_content
data/6cb500e3-7518765371428474134.mp4,game
data/6f2b5bc6-7566972616225983752.mp4,normal_content
data/23f1d80d-7581652249353424135.mp4,sexual_harm
data/f5216891-7583229027180186900.mp4,politically_sensitive
data/e24c3e8f-7485971273978285320.mp4,dangerous_acts
data/08e94d06-TikDown.com_TikTok_Media_001_8579a623ae9566c6bf4d1904edbb28c8.mp4,cultural_violation
data/d37f1b1c-7435318217582644512.mp4,"graphic_violence,dangerous_acts,horror_scary"
data/1b3bfe49-7566241048666606849.mp4,sexual_harm
data/31ae1d74-Download_-_2026-01-12T101402.116.mp4,sexual_harm
data/d18398c5-7564193864886586680.mp4,sexual_harm
data/d4ad8768-7573591521782484231.mp4,normal_content
data/95934c1c-Download_-_2026-01-10T185309.529.mp4,sexual_harm
data/b6fe8a1c-d.duc6973-2026-01-11_2315-7594138406649597205.mp4,self_harm_suicide
data/2142c895-cul11.mp4,cultural_violation
data/8bc3128c-7151994489941265690.mp4,normal_content
data/9a6d29be-Download_-_2026-01-11T151244.526.mp4,dangerous_acts
data/3a3e16b9-7584749201913875728.mp4,dangerous_acts
data/1fa447d7-7262702453303348498.mp4,"normal_content,toxic_behavior"
data/3017adcc-Download_-_2026-01-31T170510.146.mp4,graphic_violence
data/e4cbfca5-7556168444199079175.mp4,politically_sensitive
data/3beeb608-Download_-_2026-01-11T151720.034.mp4,dangerous_acts
data/170b62cd-7569274160019524872.mp4,normal_content
data/57b3dcbf-7499071609433541906.mp4,normal_content
data/8c75e81f-7568045743211040022.mp4,normal_content
data/cb06d4ce-culture-edge-1235.mp4,cultural_violation
data/4e38d471-banhrangsuthat-2026-01-29_1131-BỜ-RỒ-NGHĨ-XEM-NẾU-TRIỀU-TIÊN-PHÓNG-CON_mPtzt34.mp4,politically_sensitive
data/8087d901-7575178639021444365.mp4,sexual_harm
data/5172cbd4-7558800741318610190.mp4,normal_content
data/10aa6d9e-7548664547683421443.mp4,normal_content
data/756a4b0e-7535942953362115862.mp4,horror_scary
data/2206a1d2-7528138717660318998.mp4,normal_content
data/bda62f5d-7454251862057815303.mp4,normal_content
data/af6135ec-7546797664063524126.mp4,normal_content
data/8444ae3e-7567189705620475156.mp4,"normal_content,toxic_behavior"
data/a2753132-7571351921307421973.mp4,"sexual_harm,politically_sensitive"
data/b2dbc908-zynkss-2024-11-11_1014-Bro-just-needed-one-more-sword-trust-halfsword-_p0WjkRS.mp4,"graphic_violence,game_risk_impact"
data/3c2abe01-culture-edge-9112.mp4,cultural_violation
data/9d70d0db-7538912353576963336.mp4,gambling_drugs
data/0df005c3-culture-edge-3404.mp4,cultural_violation
data/90b4725a-Download_-_2026-01-11T153712.334.mp4,horror_scary
data/a8b86161-7562019558098324748.mp4,sexual_harm
data/5d1df27d-7512084787029609774.mp4,normal_content
data/18daf431-baihoc.vinhan-2025-12-23_1938-Lý-Thường-Kiệt-cùng-quân-dân-nhà-Lý-đánh_RvdawxT.mp4,educational_history
data/1f79106d-Download_-_2026-01-31T172931.492.mp4,dangerous_acts
data/ce3e5ef9-7583751265868467476.mp4,horror_scary
data/4648e9a0-TikDown.com_TikTok_Media_001_aa3f12e7353f539bcdc6bbc540f2d6d0.mp4,cultural_violation
data/4fe5662c-7489269468024065335.mp4,normal_content
data/d421ffe5-Download_-_2026-01-12T223029.687.mp4,scam_fraud
data/fbfaae5e-7478003508990446866.mp4,normal_content
data/b499ef82-7565520763319569684.mp4,game
data/6a37f7d9-Download_73.mp4,toxic_behavior
data/f30a1052-7572509494064827669.mp4,normal_content
data/ece6ac74-7354027574714027271.mp4,normal_content
data/363a4e04-7488213762902674693.mp4,game
data/05c5bdd6-TikDown.com_TikTok_Media_001_ab2025b54595a21f3180ba0d144192e7.mp4,"dangerous_acts,cultural_violation"
data/0eb55da3-7567754176399265045.mp4,normal_content
data/df59c7a8-7582067021731335432.mp4,normal_content
data/5b7fa44b-7274952143738653957.mp4,sexual_harm
data/f7ca2d03-7552087273005780232.mp4,educational_history
data/101b7cac-7476943727085325573-100.mp4,sexual_harm
data/4a283513-Download_-_2026-01-11T153100.708.mp4,self_harm_suicide
data/f2ef743b-culture-edge-2015.mp4,"sexual_harm,cultural_violation"
data/ae44ed2e-7568158815514938625.mp4,"normal_content,toxic_behavior"
data/d1cf471c-7536517908952845575.mp4,normal_content
data/4a00be41-7492220556121558290.mp4,normal_content
data/47da8f2a-Download_-_2026-01-11T161344.193.mp4,normal_content
data/8bf70b73-TikDown.com_TikTok_Media_001_26460b97ec535df9eb16c0d61cde7f89.mp4,cultural_violation
data/d41fdfc4-7579897758832659733.mp4,dangerous_acts
data/384c598a-TikDown.com_TikTok_Media_001_9504d2be7c81c353655be6ee568f6ba4.mp4,"dangerous_acts,cultural_violation"
data/c5b61236-Download_-_2026-01-10T190253.413.mp4,cultural_violation
data/3e5b1344-7288417898064858401.mp4,normal_content
data/aa3113d0-7196893276207615238.mp4,normal_content
data/6a99411a-7519328562277649682.mp4,normal_content
data/d46d6228-7531917129495416072.mp4,normal_content
data/1f03f82a-socolichsuquansu-2026-01-06_1115-CHIẾN-TRANH-HIỆN-ĐẠI-AI-KIỂM-SOÁT-THÔ_NWP3RG6.mp4,politically_sensitive
data/c8dbadb1-Download_-_2026-01-31T175752.749.mp4,"game_risk_impact,sexual_harm"
data/3d315912-7574482640317844757.mp4,ai_slop
data/312a384f-Download_-_2026-01-12T100302.883.mp4,dangerous_acts
data/faff52e5-Download_-_2026-01-11T143921.221.mp4,toxic_behavior
data/7539dc75-7573934287230127368.mp4,normal_content
data/2869e94b-7495227413450738962.mp4,politically_sensitive
data/871e92be-Download_-_2026-01-12T094448.435.mp4,horror_scary
data/0b65b8b4-7583740220814658832.mp4,politically_sensitive
data/ef024f9c-shinevanh2k8-2021-05-02_2114-peppapig-scary-blood-máu-me-cân-nhắc-trướ_WqwLDwP.mp4,graphic_violence
data/451145ff-7579268665141431583.mp4,ai_slop
data/7ee39d2c-Download_-_2026-01-12T103541.918.mp4,toxic_behavior
data/9f753def-7475296690069703943.mp4,normal_content
data/a77ad1dd-glambing_19272.mp4,gambling_drugs
data/3138fb57-Download_99.mp4,graphic_violence
data/5e6faedc-7432839842137951506.mp4,toxic_behavior
data/e7bab784-6872924623298759937.mp4,normal_content
data/955932a5-Download_-_2026-01-12T091920.500.mp4,normal_content
data/2cad6720-Download_40.mp4,ai_slop
data/11be35e2-7581121430763343112.mp4,sexual_harm
data/da75f3be-7526039166530915602.mp4,graphic_violence
data/7fecf311-Download_-_2026-01-11T152045.553.mp4,"dangerous_acts,scam_fraud"
data/b7e774ed-7424351613785017608.mp4,normal_content
data/07f94cd5-7572911500302552338.mp4,normal_content
data/62ffa62c-vio15.mp4,graphic_violence
data/ca7dc013-7536064778331032848.mp4,normal_content
data/52ccafc0-Download_-_2026-01-31T170436.089.mp4,graphic_violence
data/6e4d5630-vio6.mp4,graphic_violence
data/e9810419-7583299596055547157.mp4,educational_history
data/ff5d3ae0-7394095948202364178.mp4,sexual_harm
data/fe2c0a8e-glambing_46670.mp4,"gambling_drugs,game_risk_impact"
data/e40195db-7344627447834496263.mp4,normal_content
data/6c79f2fe-7527321120421219606.mp4,"toxic_behavior,cultural_violation"
data/ca2860fa-7479882884640214280.mp4,normal_content
data/baca4bf6-7567743974371298580.mp4,normal_content
data/0bc688cf-TikDown.com_TikTok_Media_001_8e106cb6929f2982434d711c30a920fa.mp4,"dangerous_acts,cultural_violation"
data/b01e62db-7571833637058923807.mp4,normal_content
data/27cbda5c-7573591521782484231.mp4,normal_content
data/6d739138-Download_-_2026-01-12T101702.145.mp4,"game_risk_impact,sexual_harm"
data/abdb7fde-thosanhu112-2026-01-13_1911-HDPE-không-ăn.thua-anh-em.à-TikTokShopFUNF_BHPQcp6.mp4,"gambling_drugs,game_risk_impact"
data/ed299fbc-Download_-_2026-01-10T171941.120.mp4,scam_fraud
data/7710f57e-Download_-_2026-01-10T190015.115.mp4,cultural_violation
data/b155906a-daivietkieuhung86-2024-01-14_1152-Lê-Thánh-Tông-là-vị-Hoàng-đế-thứ-tư-_Agq9BgS.mp4,educational_history
data/d64b410b-7576067468783881480.mp4,normal_content
data/99ae5284-thegioithugon-2024-08-13_2052-Những-Quốc-Gia-đã-từng-hỗ-trợ-Việt-Nam-t_UJ5TD1C.mp4,educational_history
data/0ce16d0f-7084291025967009029.mp4,normal_content
data/1ac96696-Download_-_2026-01-11T151453.995.mp4,dangerous_acts
data/a926b36f-7573321250055998727.mp4,toxic_behavior
data/32cb8d9c-7227810245001710854.mp4,"dangerous_acts,cultural_violation"
data/8cd48bb2-quangngiy2-2025-05-22_1838-những-hành-động-như-kỳ-thị-người-miền-Nam-t_LzxJqGp.mp4,politically_sensitive
data/82f9919b-7583080462101515540.mp4,politically_sensitive
data/def753a8-7568520612696591634.mp4,cultural_violation
data/e08d55ed-7571049640984890642.mp4,normal_content
data/13dc1fe0-7580600125911846199.mp4,normal_content
data/dc3caae1-7281892001946094866.mp4,"horror_scary,cultural_violation"
data/e9c37e6a-Download_31.mp4,graphic_violence
data/de1b71e2-Download_31.mp4,ai_slop
data/49d6ee09-Download_-_2026-01-10T173348.402.mp4,scam_fraud
data/2d542681-Download_-_2026-01-31T174422.354.mp4,dangerous_acts
data/801e4731-meii_2.06-2024-09-22_0012-7417145342480616721.mp4,gambling_drugs
data/df64512d-7568174724472130838.mp4,normal_content
data/47cec6d8-7569377270180105485.mp4,normal_content
data/b8dc8943-7320255010808368385.mp4,normal_content
data/aefb287e-7568280588382211336.mp4,sexual_harm
data/96ae531e-7163486721810730267.mp4,gambling_drugs
data/b180da6a-7357679109704584466.mp4,self_harm_suicide
data/74ffa158-7572212043722394901.mp4,normal_content
data/d2b1eaeb-7559143329661783308.mp4,sexual_harm
data/03f7c46e-Download_15.mp4,graphic_violence
data/238a62e8-7548866001425763598.mp4,normal_content
data/7a7ac500-7521233110495776018.mp4,educational_history
data/9c1b984c-Download_-_2026-01-31T171150.634.mp4,graphic_violence
data/718e892d-Download_-_2026-01-12T092021.481.mp4,"dangerous_acts,normal_content"
data/73d0b312-7572510904705682708.mp4,normal_content
data/f964af0d-notayokrob-2026-01-09_0716-Game-Acts-of-Blood-DEMO-FULL-VIDEO-OUT-NOW-_WSSthxq.mp4,"graphic_violence,game_risk_impact"
data/24e2dc5d-Download_-_2026-01-11T151931.990.mp4,dangerous_acts
data/11906ad6-7415243145065057544.mp4,self_harm_suicide
data/43468bb0-Download_-_2026-01-10T180552.850.mp4,scam_fraud
data/6192f0af-7366981032496729351.mp4,politically_sensitive
data/df83baba-7569055863151938824.mp4,normal_content
data/6b5415fd-7559066615279537416.mp4,normal_content
data/cff09c45-7579533279817141511.mp4,normal_content
data/ded06c83-7584056859405913365.mp4,normal_content
data/0b0efac9-7574651097034345749.mp4,normal_content
data/8d4ef015-7583868308110249236.mp4,normal_content
data/e93943f1-gamebancaonline-2023-08-07_1037-Cứ-cá-to-mà-chơi-cả-nhỏ-dễ-ăn-nhưng-kh_GqadBpR.mp4,"gambling_drugs,game_risk_impact"
data/4fabf80c-Download_-_2026-01-11T153212.663.mp4,cultural_violation
data/e58b7d45-7583640463337327892.mp4,normal_content
data/84e61d70-7366171449125571857.mp4,normal_content
data/f4b3ac20-7572933596298611988.mp4,dangerous_acts
data/85d4b1f5-Download.mp4,ai_slop
data/9bf4ae3a-7544640160365858070.mp4,normal_content
data/b78bb935-6890249767071304962.mp4,graphic_violence
data/dc28d2c3-7580709761516047637.mp4,educational_history
data/375c4b5f-7561440077830835477.mp4,normal_content
data/6661102a-7497590018769177874.mp4,normal_content
data/4d16e3b2-7356617024220548370.mp4,normal_content
data/29ebe3b3-7583733595773275413.mp4,normal_content
data/20fe590b-7568932943989607700.mp4,ai_slop
data/bdb6cfd1-7576643833425972502.mp4,sexual_harm
data/1f324c03-cul1.mp4,cultural_violation
data/810f6e88-7516616771277688086.mp4,normal_content
data/0f1d22f7-cul7.mp4,cultural_violation
data/019d7999-7330609686099578114.mp4,normal_content
data/90cb2819-7518971950434241810.mp4,normal_content
data/fff1f12f-7555084589576899895.mp4,normal_content
data/c7f61dbc-tuandilinhroi-2025-09-20_2243-Trả-góp-gặp-Công-an-viral-xh-cambodia-ko_ZRTiXrK.mp4,scam_fraud
data/0bacd36f-7540046381461851412.mp4,sexual_harm
data/3f860a72-culture-edge-8730.mp4,cultural_violation
data/2ffadb51-7518001795575155975.mp4,dangerous_acts
data/f0489847-7421496778488565010.mp4,"toxic_behavior,cultural_violation"
data/2b65c7f8-7553263288411278610.mp4,politically_sensitive
data/0b37af4e-7559746764648074504.mp4,normal_content
data/bf8c76b7-shaggy_is_here-2024-10-27_0605-brutal-.-.-Outlast-Trials-.-.-outlast-o_F83sx66.mp4,"graphic_violence,game_risk_impact"
data/d1497fd2-viet.nam.anh.hung-2023-09-01_1748-Trần-Cảnh-Số-Mệnh-Buộc-Ông-Phải-Làm-_it8QXsk.mp4,educational_history
data/7f7d55f0-tuantienti2911-2021-02-01_2044-NHU-NG-CUO-C-ĐA-U-TRI-ĐỈNH-CAO-DU-O-I-Đ_R6ROBQt.mp4,educational_history
data/634a43e7-cul8.mp4,cultural_violation
data/853768f0-7288906700113923336.mp4,normal_content
data/589716ba-Download_-_2026-01-12T101740.259.mp4,horror_scary
data/55c9d3cb-7582434012702969109.mp4,normal_content
data/653791d5-Download_-_2026-01-12T100237.314.mp4,normal_content
data/47267169-7571065942810103048.mp4,"game,toxic_behavior"
data/59009416-battlecry.nguoikesu-2021-12-29_2050-Sư-Đoàn-Bông-Lau-Sư-316-lichsuviet_ekPfs1U.mp4,educational_history
data/d20daaef-glambing_96530.mp4,cultural_violation
data/d5f03b6c-anhbaychachacha-2025-07-17_2158-Việt-Nam-Cộng-Hòa-tại-các-kỳ-Olympic-q_f8dU7XV.mp4,politically_sensitive
data/59608707-qhyyy_2024-04-10_2112-có-rất-nhiều-thứ-khiến-đàn-ông-áp-lực-mà-không-t_AIgGhdO.mp4,self_harm_suicide
data/f6be8248-glambing_58135.mp4,"gambling_drugs,game_risk_impact"
data/8c03566c-7563672893247327508.mp4,normal_content
data/5e7b6a18-7389636661098892560.mp4,toxic_behavior
data/9c32df81-Download_59.mp4,"game_risk_impact,toxic_behavior"
data/77ad44d6-7588059668304628999.mp4,"dangerous_acts,horror_scary"
data/473d2d6c-7588873755225574664.mp4,normal_content
data/2f9ae31c-7586167541605666055.mp4,self_harm_suicide
data/9e53784f-7565933315568504078.mp4,sexual_harm
data/c0362a17-7456917789174009093.mp4,normal_content
data/055d5937-cul2.mp4,cultural_violation
data/9318399c-Download_-_2026-01-11T151657.625.mp4,dangerous_acts
data/5a89b097-7573653833746861343.mp4,sexual_harm
data/675df6bd-7582085574685723905.mp4,politically_sensitive
data/e9bb9fc1-7507662989969919254.mp4,normal_content
data/749068bd-snaptik.vn_8CtUP.mp4,graphic_violence
data/3e47b7a9-7578884727524969746.mp4,sexual_harm
data/1a010e56-7585892495653866759.mp4,game_risk_impact
data/1200fa37-7550739295900847378.mp4,sexual_harm
data/adcfef2e-nguoi.sai.gon.515253-2026-01-04_1256-thái-cam-chiensu-xh-7591381138590174482.mp4,politically_sensitive
data/7d6ad1e4-cjenmvn-2025-12-09_2010-Oán-Thai-Đòi-Mẹ-Khi-wỷ-dữ-núp-bóng-hài-nhi-câu_GfHRNbr.mp4,"graphic_violence,horror_scary"
data/6e386c1a-7583888686081740040.mp4,normal_content
data/cd85d008-7538431219109842231.mp4,sexual_harm
data/9873cc04-7563274884319743250.mp4,sexual_harm
data/e2ea56b0-7536302462580428045.mp4,normal_content
data/25db4daf-7579694690740587789.mp4,horror_scary
data/a188f257-vio12.mp4,graphic_violence
data/812565a5-7581411198244015368.mp4,"scam_fraud,normal_content"
data/c75eb7be-7572636986507414797.mp4,ai_slop
data/82ad159a-7390102893010947361.mp4,"dangerous_acts,horror_scary,self_harm_suicide"
data/dcc50611-7587460950433926423.mp4,normal_content
data/63a404da-Download_-_2026-01-12T221846.876.mp4,scam_fraud
data/c0d78e67-7573019356335017230.mp4,normal_content
data/9834eff0-7533950595963669790.mp4,normal_content
data/59a13390-Download_-_2026-01-11T144129.039.mp4,normal_content
data/fbc392cd-7582426690534657300.mp4,normal_content
data/a97df554-7579597839009959190.mp4,sexual_harm
data/53bb7541-duongearth-2021-10-30_2119-Đầu-tư-sàn-tiền-ảo-thời-4.0.-Phần-2-Tại-sao_wdB7z72.mp4,scam_fraud
data/434f6aea-7575415394819656968.mp4,normal_content
data/8ff11075-Download_-_2026-01-11T151555.687.mp4,dangerous_acts
data/6fef8cf1-7559842495534861575.mp4,sexual_harm
data/b7bc80d7-7578474503924157717.mp4,normal_content
data/62892043-hon_thieng_su_viet-2026-01-16_1950-Phim-Ngô-Quyền-Đại-Chiến-Sông-Bạch-_Bh2FfZb.mp4,educational_history
data/53fa68ea-7552890756927671565.mp4,"toxic_behavior,dangerous_acts,cultural_violation"
data/a645da57-tomtatbachsu-2024-09-18_1915-PHẦN-1-TRIỀU-ĐẠI-NHÀ-NGUYỄN-1802-1945-LÀ-_Evv9z0y.mp4,educational_history
data/ac907722-snaptik.vn_GK6kg.mp4,graphic_violence
data/96a03610-7559337057017990422.mp4,graphic_violence
data/a3aa816a-7467847213381668114.mp4,normal_content
data/62ae1bd9-7583540918511226130.mp4,normal_content
data/d145cba3-7551029633265847560.mp4,normal_content
data/928f03c1-7388595711744412929.mp4,normal_content
data/b70b58b2-Download_-_2026-01-12T094355.264.mp4,horror_scary
data/862b2d18-7559424760350903559.mp4,sexual_harm
data/87689aba-neozor_htf-2025-06-28_2141-bữa-tiệt-sinh-nhật-đầy-máu-me-7521010256072150280.mp4,"graphic_violence,horror_scary"
data/03fd68d3-7588221670041652501.mp4,normal_content
data/22d24bfd-tranphivu1983-2025-03-30_1401-Cố-tổng-thống-Nguyễn-Văn-Thiệu-Việt-Nam-_7EMLMp3.mp4,politically_sensitive
data/234f6e88-Download_-_2026-01-10T180643.169.mp4,scam_fraud
data/cbdcc515-7570273453748571410.mp4,politically_sensitive
data/38cdf701-Download_-_2026-01-11T152207.782.mp4,scam_fraud
data/7c679dcf-7461226030917864722.mp4,normal_content
data/2c290a13-7556232410384305415.mp4,normal_content
data/1bc2f83f-7570690197185187079.mp4,"gambling_drugs,sexual_harm,cultural_violation"
data/d5dd0d7a-TikTok_Downloader-1768116808.mp4,dangerous_acts
data/c6247774-p2nda_gaming-2023-04-20_2239-that-s-so-creepy-im-scary-jesus-jesuscryi_uCZyGr6.mp4,graphic_violence
data/3a6078a2-Download_39.mp4,ai_slop
data/c19815cd-7539274242022559007.mp4,normal_content
data/eb682d5d-7509520657181396246.mp4,normal_content
data/11538b90-7524138726872730887.mp4,"ai_slop,dangerous_acts"
data/035473f7-7578211038684859662.mp4,normal_content
data/7d627fc5-Download_7.mp4,graphic_violence
data/f482c04f-7462571207284526368.mp4,normal_content
data/a1a1e606-khoi.nguyen6437-2025-03-29_1036-Vua-HÀM-NGHI-Vua-Hàm-Nghi-tên-thật-là-_EjJcPlp.mp4,educational_history
data/2ade7db6-Download_-_2026-01-11T145555.745.mp4,normal_content
data/2dfc46d9-7572414857052458261.mp4,self_harm_suicide
data/cdf7dcb1-Download_26.mp4,graphic_violence
data/ab6b6de9-7549615015179914518.mp4,normal_content
data/cc14865a-7588443662518996245.mp4,dangerous_acts
data/f627725c-7572846743415524628.mp4,normal_content
data/8eacc9c4-7132478867993840922.mp4,normal_content
data/14ccdd9f-7589188277823999250.mp4,normal_content
data/7cee0ad5-7531704002476608776.mp4,normal_content
data/0b8a9863-7494998974344989970.mp4,ai_slop
data/a25f7a7a-7309893228097064193.mp4,normal_content
data/ca6b069d-7480137056698633480.mp4,educational_history
data/138ba3fb-7568165433652596023.mp4,normal_content
data/af168f45-7559959058136976658.mp4,"graphic_violence,sexual_harm"
data/b58ba4a6-7583787021399887126.mp4,normal_content
data/53488ad3-7550665050697043220.mp4,horror_scary
data/0350b4ce-historysecrets12-2025-12-14_2202-Câu-nói-của-Nguyễn-Văn-Thiệu-phản-ánh_zS8ZaCm.mp4,politically_sensitive
data/6afde493-7584055956460375303.mp4,game
data/788f9999-7570578099440487698.mp4,self_harm_suicide
data/75ce9997-Download_45.mp4,"ai_slop,horror_scary"
data/8c658ced-7483619501968231726.mp4,normal_content
data/70cbe031-glambing_52683.mp4,gambling_drugs
data/fb6b733b-glambing_46308.mp4,gambling_drugs
data/fff0779c-7532357320123157778.mp4,sexual_harm
data/e7d16d7d-culture-edge-5570.mp4,"dangerous_acts,cultural_violation"
data/eef11eba-7579200734500080903.mp4,sexual_harm
data/48703f64-7572869690314345736.mp4,normal_content
data/ff750d80-7566498739494620423.mp4,normal_content
data/eee6aca5-Download_-_2026-01-10T191357.514.mp4,sexual_harm
data/140d3fcc-7550264630006795542.mp4,normal_content
data/eea97384-culture-edge-7907.mp4,"dangerous_acts,cultural_violation"
data/3af62945-7581533140217367841.mp4,horror_scary
data/04861c2d-Download_-_2026-01-11T142112.927.mp4,normal_content
data/cbfe3c4b-7582140232691141918.mp4,dangerous_acts
data/421dcc81-glambing_79364.mp4,gambling_drugs
data/b4bc4d6f-tinhbao.thitruong-2025-03-08_1312-Đến-khi-nào-cuộc-chiến-giữa-Nga-và-U_ZSF6V4s.mp4,politically_sensitive
data/7379f28c-TikDown.com_TikTok_Media_001_31a70f75ea01e24c6d225e959c7afee8.mp4,graphic_violence
data/220f626b-7290489986120436994.mp4,normal_content
data/d29afdf9-snaptik.vn_BNPJx.mp4,dangerous_acts
data/b002fe45-7567009048441212178.mp4,"dangerous_acts,normal_content,cultural_violation"
data/c771d2b3-7576451843933375751.mp4,normal_content
data/9e8df411-Download_-_2026-01-13T103617.746.mp4,ai_slop
data/8a1b7ff7-glambing_55134.mp4,gambling_drugs
data/42c625b6-7555261222128553237.mp4,normal_content
data/48446e5a-7589262878549544212.mp4,normal_content
data/1d21749d-culture-edge-1198.mp4,cultural_violation
data/0f677e84-7589222715161136404.mp4,normal_content
data/4a3cbc8c-7567574674171759888.mp4,sexual_harm
data/f5f4a4f6-7582167616538676500.mp4,normal_content
data/c27bb84a-Download_3.mp4,ai_slop
data/75120f81-7343114166707768578.mp4,normal_content
data/08226ae3-Download_-_2026-01-12T101556.794.mp4,"game_risk_impact,horror_scary"
data/ff17321f-viet.nam.anh.hung-2023-10-21_1700-Trần-Hoảng-Thời-đại-xuất-hiện-nhiều-_Lf8yEmQ.mp4,educational_history
data/e5b5f7ad-7575225560951966984.mp4,sexual_harm
data/3b310b78-7581100207190838548.mp4,normal_content
data/dc24df1b-Download_-_2026-01-11T145256.094.mp4,normal_content
data/cea1be99-Download_-_2026-01-31T173145.461.mp4,dangerous_acts
data/19183bce-7431432535277636871.mp4,educational_history
data/c42353ad-under.walls-2024-06-25_0916-Look-the-new-blood-system.-Wishlist-Under-_c9cnM1X.mp4,"graphic_violence,game_risk_impact"
data/dbdb1611-7522004368393030920.mp4,sexual_harm
data/372ece7d-7581431882303327508.mp4,normal_content
data/83cbe34f-Download_-_2026-01-31T171042.055.mp4,graphic_violence
data/8871681e-7335821629454322976.mp4,normal_content
data/3b9a72ad-7588655976731954452.mp4,normal_content
data/a5a1ad99-7342952870263688454.mp4,normal_content
data/74a40cd4-DownTik.Io_7567759249510534422.mp4,sexual_harm
data/50da14a8-7580746540944215304.mp4,politically_sensitive
data/49201efc-003_dammevudao.mp4,sexual_harm
data/92114f38-Download_55.mp4,scam_fraud
data/b2745273-7587105180995308821.mp4,sexual_harm
data/311dea97-7581532585939979542.mp4,normal_content
data/246b20ed-7571064111128186119.mp4,normal_content
data/3b70ba6f-7473066900998688055.mp4,normal_content
data/a37a834f-7495737748746161430.mp4,ai_slop
data/5e97d853-7461478109469019409.mp4,normal_content
data/7f910075-Download_-_2026-01-12T094050.300.mp4,toxic_behavior
data/824ddf12-Download_52.mp4,toxic_behavior
data/dadadf13-7583039274610593032.mp4,sexual_harm
data/b4b62366-Download_75.mp4,graphic_violence
data/293db535-7321605994914663681.mp4,toxic_behavior
data/ee0ce215-7479274323203738898.mp4,normal_content
data/c0a1b9b2-7570987671028387089.mp4,normal_content
data/adbe9916-Download_92.mp4,scam_fraud
data/63595f19-7582781345437469972.mp4,normal_content
data/5910ca27-7536224053787512072.mp4,politically_sensitive
data/93c83404-Download_-_2026-01-12T092720.998.mp4,cultural_violation
data/994f43f3-7583871182018039060.mp4,normal_content
data/f344c953-7359258611652005153.mp4,sexual_harm
data/4add7bef-breaking_news.vn-2025-09-13_2223-Qua-cam-qua-cam-qua-cam-qua-cam-qua-c_n18Tq7c.mp4,scam_fraud
data/5ad9946f-dauan.lichsu-2025-03-28_1223-Chiến-dịch-Xuân-Lộc-1975-phần-1-.-Nguồn-B_iWv3ksY.mp4,educational_history
data/51ee550c-sthvskhbook_official8-2025-12-15_2006-Biến-cố-thành-Cổ-Lộng-là-sự-kiện_pvO0FLs.mp4,educational_history
data/b0999690-7577785624099327246.mp4,toxic_behavior
data/e38a2cd5-7572679342552059158.mp4,normal_content
data/ecc869de-Download_-_2026-01-12T100815.398.mp4,game_risk_impact
data/0bf738f5-Download_-_2026-01-31T173258.142.mp4,dangerous_acts
data/f02e82ef-7427688377077583112.mp4,politically_sensitive
data/0ddb5320-Download_-_2026-01-10T180657.585.mp4,scam_fraud
data/38866aaa-creepylegend0-2025-12-09_1030-INSANE-Punch-Press-KICKBACK-Whips-Back-F_DmFgUTF.mp4,graphic_violence
data/7651fca2-Download_-_2026-01-10T181522.465.mp4,scam_fraud
data/c02bb748-7337831564195253537.mp4,sexual_harm
data/ef6ff756-7429884251048332545.mp4,normal_content
data/e71eeb55-TikDown.com_TikTok_Media_001_58551a5d7c3ba54faa6f304c21d106ee.mp4,"dangerous_acts,cultural_violation"
data/c816f75f-7529557145583389960.mp4,sexual_harm
data/12ffe9b0-7537630787915566344.mp4,"graphic_violence,normal_content"
data/81c1aa17-TikDown.com_TikTok_Media_001_9df3c03743b826fccee47bf90a4593d6.mp4,scam_fraud
data/6c76cb39-7588477187855011092.mp4,normal_content
data/6a1f1e97-7545102402744192263.mp4,normal_content
data/59fc2eda-7192868248302423323.mp4,"dangerous_acts,normal_content"
data/63c70280-Download_32.mp4,graphic_violence
data/aea6af07-7581731047721733397.mp4,"game,ai_slop,normal_content"
data/faac708c-tmtt._02-2025-11-05_1242-những-bức-tranh-nghệch-ngoạc-chỉ-những-kẻ-ove_iLXMQ6l.mp4,self_harm_suicide
data/5633884d-7543198994332126472.mp4,normal_content
data/6522f0f6-7571457365199932692.mp4,normal_content
data/9ed90445-Download_-_2026-01-31T172722.157.mp4,dangerous_acts
data/3025218b-7555336062122413330.mp4,normal_content
data/c8a90a17-7527354156835802381.mp4,sexual_harm
data/d0078753-glambing_78997.mp4,"gambling_drugs,scam_fraud"
data/3b5e874b-culture-edge-6428.mp4,"sexual_harm,cultural_violation"
data/5e2fe991-7559453324605525304.mp4,sexual_harm
data/6c3f5533-7449492087323610390.mp4,normal_content
data/11faf2f4-7566106727716867336.mp4,"normal_content,toxic_behavior"
data/20382432-7499331840797461778.mp4,sexual_harm
data/b9e5f7ff-phthanh277-2024-04-14_1812-Điều-ước-nhỏ-nhoi..-xuhuong-tamtrang-tieucu_EslmyvT.mp4,self_harm_suicide
data/22d8a9c0-Download_-_2026-01-11T143748.506.mp4,game
data/bac5b059-7420387764010487058.mp4,normal_content
data/61f369b0-lilbro5415-2025-12-25_0745-7587590115661319479.mp4,graphic_violence
data/a84cb8f3-7539191690649963794.mp4,sexual_harm
data/33381ed2-Download_-_2026-01-11T151549.883.mp4,dangerous_acts
data/c634511f-7443226161343155473.mp4,normal_content
data/06b6fcdb-7499763417922686263.mp4,sexual_harm
data/bf507c86-7579972067999714567.mp4,game
data/f2b12b64-7544379839315250439.mp4,normal_content
data/1dbf9d42-Download_82.mp4,graphic_violence
data/400fd9b3-002_gamer.mp4,game_risk_impact
data/f042426a-Download_96.mp4,graphic_violence
data/011753e5-glambing_38585.mp4,"gambling_drugs,game_risk_impact"
data/372841af-tvhnews-2025-10-21_1307-Cựu-thiếu-uý-Thuỷ-quân-lục-chiến-Việt-Nam-Cộng_27btr4E.mp4,politically_sensitive
data/366ddbf7-Download_32.mp4,"ai_slop,toxic_behavior"
data/496feefa-7584057256916946197.mp4,normal_content
data/4e437897-7551030345970371847.mp4,normal_content
data/5b383a8a-sugarygore-2023-10-20_2247-sending-this-baby-away-3-they-ll-be-restock_KT9mqi0.mp4,graphic_violence
data/6407a798-7487475695828962582.mp4,politically_sensitive
data/99755326-7587674205559278869.mp4,normal_content
data/8bf817cd-Download_-_2026-01-11T151656.582.mp4,dangerous_acts
data/89521444-culture-edge-1485.mp4,"dangerous_acts,cultural_violation"
data/eb4c5b16-Download_21.mp4,horror_scary
data/aa5adde3-glambing_40395.mp4,gambling_drugs
data/caa4dcad-glambing_66221.mp4,gambling_drugs
data/836af834-glambing_66995.mp4,gambling_drugs
data/0c8af4a3-culture-edge-1188.mp4,"sexual_harm,cultural_violation"
data/5827662d-Download_-_2026-01-12T095100.546.mp4,"horror_scary,cultural_violation"
data/a982d77a-Download_-_2026-01-10T172456.313.mp4,scam_fraud
data/5297be76-7573872970456780050.mp4,sexual_harm
data/3a44d2c2-7582123024875425042.mp4,dangerous_acts
data/4eb2a765-7576209538790018324.mp4,normal_content
data/954b8f63-7525761585122462984.mp4,normal_content
data/3b1d5ff3-7575459389977546001.mp4,normal_content
data/3c6356dc-7567492350851697928.mp4,sexual_harm
data/7dd02841-7524354586690325782.mp4,normal_content
data/0b96c028-7094577143241379098.mp4,normal_content
data/d7f1a975-7487963585084198199.mp4,normal_content
data/7368ab88-Download_-_2026-01-12T092927.538.mp4,"dangerous_acts,cultural_violation"
data/8596b6bb-7404116044148641032.mp4,sexual_harm
data/4d0e351d-7581681355805756685.mp4,normal_content
data/cdc0da33-7557941872191147282.mp4,normal_content
data/52b997be-7570640292219538710.mp4,normal_content
data/2e0620b1-7523894480034958613.mp4,normal_content
data/1164ee7a-7576561041354607892.mp4,sexual_harm
data/c08ded11-7565059894471085319.mp4,educational_history
data/e1168ee8-7572627466582314256.mp4,toxic_behavior
data/df4e45c3-Download_-_2026-01-31T173135.608.mp4,dangerous_acts
data/25f208c9-7565703444921617678.mp4,sexual_harm
data/90c7504d-7321342870600813842.mp4,cultural_violation
data/8e3a0555-7543187839224270098.mp4,politically_sensitive
data/3a18a724-7563362119027100936.mp4,"toxic_behavior,politically_sensitive"
data/3cc0aa14-7538048689093414152.mp4,politically_sensitive
data/9ba5f943-7577708976171781394.mp4,normal_content
data/5bd47818-glambing_96458.mp4,gambling_drugs
data/3e9c6fd9-7583752804896935188.mp4,politically_sensitive
data/60c15312-Download_-_2026-01-31T172658.853.mp4,dangerous_acts
data/77e173be-7545040121607785744.mp4,normal_content
data/2691283d-7548570276598926600.mp4,normal_content
data/ad4c73d9-Download_36.mp4,horror_scary
data/30740fc7-Download_-_2026-01-31T173506.934.mp4,dangerous_acts
data/81a2a6c0-7563777661835726136.mp4,normal_content
data/64fa6bf6-7574699949900795157.mp4,normal_content
data/1d7a38bc-7580481665101827349.mp4,normal_content
data/b634c728-Download_-_2026-01-12T095641.762.mp4,gambling_drugs
data/0a7ea965-7548077512509639943.mp4,normal_content
data/664a55f8-7568435210031762709.mp4,normal_content
data/bce78588-7571691472852946184.mp4,normal_content
data/ae0a939a-Download_-_2026-01-12T092314.132.mp4,normal_content
data/b29e4b10-duongnoodles25-2025-10-06_2319-Lý-Thường-Kiệt-Vị-anh-hùng-kiệt-xuất-vớ_n9iIjYH.mp4,educational_history
data/7db903c8-7369460070184209694.mp4,"dangerous_acts,toxic_behavior"
data/58fc72be-Download_58.mp4,graphic_violence
data/8ebb526d-7534333978061327634.mp4,educational_history
data/406a2785-7516397564053228846.mp4,politically_sensitive
data/29b8d2bb-Download_-_2026-01-10T181449.285.mp4,scam_fraud
data/2bff067a-7457755379577916689.mp4,normal_content
data/2d55c757-7584092438692777234.mp4,politically_sensitive
data/887bae8f-7571954000610987266.mp4,horror_scary
data/91b34382-Download_97.mp4,graphic_violence
data/a5f56d38-7531575946235759879.mp4,"self_harm_suicide,cultural_violation"
data/615e4e1b-Download_-_2026-01-10T185127.380.mp4,politically_sensitive
data/e5582236-Download_92.mp4,horror_scary
data/a41aa194-Download_-_2026-01-12T100003.089.mp4,"toxic_behavior,politically_sensitive"
data/4bdd05a9-7544229848915496199.mp4,game
data/402429b0-hoangkimloai-2025-05-02_0035-Tập-6-Bác-xây-dựng-miền-Bắc-chống-Mỹ-cứu-_GjDwjwp.mp4,educational_history
data/d64738a8-Download_-_2026-01-11T153423.738.mp4,toxic_behavior
data/0577fa7a-7532070037042121991.mp4,sexual_harm
data/b276ecbd-7067128995766226202.mp4,politically_sensitive
data/ed411526-bandongan_01-2025-08-25_0830-SỰ-KIỆN-LỊCH-SỰ-CỦA-VIỆT-NAM-KHÔNG-THỂ-QU_RZBaqHm.mp4,educational_history
data/297c826d-Download_-_2026-01-12T094316.793.mp4,horror_scary
data/cbceaa6c-7540373539581447456.mp4,normal_content
data/133e5267-7546469800197754130.mp4,normal_content
data/115b5dce-7024074773877574914.mp4,normal_content
data/0ebe19de-7354022270009953543.mp4,normal_content
data/28ba4b60-Download_-_2026-01-11T142252.598.mp4,ai_slop
data/706edf92-7574125135054114056.mp4,"sexual_harm,cultural_violation"
data/3c1b5026-7572386309407313182.mp4,educational_history
data/5a32fac2-Download_35.mp4,horror_scary
data/6bc5e405-7515927151938456840.mp4,normal_content
data/e024fc9d-7581878110736829716.mp4,horror_scary
data/cb449788-7543292085336673554.mp4,cultural_violation
data/d74fb768-7566223146244656405.mp4,"normal_content,toxic_behavior"
data/bc704007-7310600419837889825.mp4,normal_content
data/d3982858-7549625698516798727.mp4,normal_content
data/1bfbbb39-7522462524646624519.mp4,sexual_harm
data/8f78d02a-7262694521698356488.mp4,"game,toxic_behavior"
data/64e51182-7570259540000754966.mp4,normal_content
data/e00c9435-7308100970565750021.mp4,normal_content
data/2b0f6326-7558406461437545740.mp4,normal_content
data/18eaa0ff-Download_-_2026-01-12T091448.752.mp4,normal_content
data/d6f46dda-culture-edge-3563.mp4,"dangerous_acts,cultural_violation"
data/4f169a6e-7588447211013344519.mp4,sexual_harm
data/6967a3b7-7528071307666263303.mp4,normal_content
data/12ff903f-Download_-_2026-01-11T143628.712.mp4,dangerous_acts
data/484d6571-Download_1.mp4,graphic_violence
data/a2b59ec6-Download_-_2026-01-31T172806.704.mp4,dangerous_acts
data/0b91b03b-7553742764110925070.mp4,normal_content
data/1c3fd496-7581876248847125767.mp4,normal_content
data/92a6d92f-7448614044400962847.mp4,toxic_behavior
data/55cbaa6e-Download_-_2026-01-11T153054.276.mp4,cultural_violation
data/c727f0ab-7577125673391721750.mp4,normal_content
data/b3752e82-Download_-_2026-01-12T103627.442.mp4,"toxic_behavior,cultural_violation"
data/408dc95e-Download_60.mp4,"graphic_violence,ai_slop,horror_scary"
data/25b2fcd6-60giay.com-2025-08-18_1250-NHỜ-VỤ-NÀY-MÀ-NHIỀU-NGƯỜI-HAY-NÓI-ĐÙA-ĐẤT-Đ_r5Zav5z.mp4,politically_sensitive
data/ad6073c8-7474953915893599496.mp4,normal_content
data/4a4fba19-Download_-_2026-01-11T152439.224.mp4,normal_content
data/73cd9b1c-7043393079386164482.mp4,politically_sensitive
data/2286df6a-7570639829524942088.mp4,normal_content
data/b54907f4-7541411905689193750.mp4,toxic_behavior
data/061c0e06-Download_30.mp4,graphic_violence
data/2bab9f1f-7442267339636231425.mp4,normal_content
data/0534fe54-Download_-_2026-01-31T173119.890.mp4,dangerous_acts
data/c5a3fdd7-glambing_70795.mp4,"gambling_drugs,scam_fraud"
data/0e2f01b4-7450417178593086727.mp4,normal_content
data/9aebdc72-7561490524239105281.mp4,"normal_content,toxic_behavior"
data/b3e99d87-Download_-_2026-01-11T151451.070.mp4,normal_content
data/210633e3-7566060306724556052.mp4,normal_content
data/651075d2-7553980490060057863.mp4,normal_content
data/5491b9cb-7568051661273337109.mp4,normal_content
data/65ac6bce-7519877178457148693.mp4,normal_content
data/e840df71-7497966687564680455.mp4,normal_content
data/d7eeec03-7516785304640982290.mp4,politically_sensitive
data/7fe4e65a-7558411648386469127.mp4,normal_content
data/16bc2342-stevent107-2026-01-30_1705-30-1-Ông-Trump-tuyên-bố-xoá-sổ-Iran-nếu-bị-_vNrk4nn.mp4,politically_sensitive
data/f85dbee6-7553916529725738248.mp4,normal_content
data/f5cbc764-7547500840366378258.mp4,ai_slop
data/cc3c6960-culture-edge-7997.mp4,"dangerous_acts,cultural_violation"
data/76f5df89-mscarrietaylor-2023-10-20_0614-scary-carrietaylor-gonnagetintrouble-go_6HIp6dB.mp4,graphic_violence
data/085e8565-7554718242242055432.mp4,normal_content
data/054960e7-stevent107-2026-01-31_1534-31-1-Israel-can-ngăn-Mỹ-đừng-vội-bem-Iran-l_tb5SKZg.mp4,politically_sensitive
data/bf1881cd-TikDown.com_TikTok_Media_001_04026bd3606f045615dd051cde112273.mp4,"ai_slop,horror_scary"
data/ad8d769d-7378858945726778666.mp4,"sexual_harm,dangerous_acts"
data/4eee980d-7529591104681970962.mp4,normal_content
data/f0ef170a-7457972885764754695.mp4,sexual_harm
data/1c122314-kieuhungdatviet-2025-08-24_1155-Trailer-Series-phim-ngắn-lịch-sử-Thái-_tOIw1Ah.mp4,educational_history
data/ce419369-hello.phank-2023-02-24_2034-tôi-tự-làm-bản-thân-mình-bất-ngờ-fypシ-tren_umF5gT3.mp4,self_harm_suicide
data/329e29ed-7579104499092950294.mp4,normal_content
data/bbc5ecd8-7549810972274232583.mp4,normal_content
data/93030e6a-ce108ef2-0a23c94f-glambing_70480.mp4,cultural_violation
data/4d54045e-kingvip.68-2023-10-06_2336-Kiếm-lãi-mỗi-ngày-cùng-con-game-bắn-cá-nào-_2Ek9t4C.mp4,"gambling_drugs,game_risk_impact"
data/3d23b8f9-Download_-_2026-01-12T094151.811.mp4,horror_scary
data/81fa569a-7353287644190625025.mp4,"dangerous_acts,normal_content"
data/07f820cf-7580355318287240455.mp4,normal_content
data/98d06a74-7549628747855465736.mp4,normal_content
data/516cca45-7046672498146036993.mp4,normal_content
data/43d4ce8f-7574300508895120670.mp4,normal_content
data/b5dbb7c3-7546233172904774919.mp4,cultural_violation
data/b174baed-Download_83.mp4,graphic_violence
data/56187f4c-7554863630529891595.mp4,horror_scary
data/e1349e3c-Download_-_2026-01-31T174823.797.mp4,dangerous_acts
data/bded857b-7476421005636865288.mp4,normal_content
data/eaff464c-Download_100.mp4,normal_content
data/67e771df-hnganhluu-2024-10-07_2355-7423078279923469576.mp4,self_harm_suicide
data/de2bfaa6-7539168314900188424.mp4,normal_content
data/a1d75575-7558065065421753618.mp4,normal_content
data/38f3953f-cl.moviee-2024-07-29_2112-Những-màn-tr.a-t.ấn-kinh-khủng-nào-đang-chờ-_OFZPlKs.mp4,graphic_violence
data/c51506d9-Download_10.mp4,"ai_slop,horror_scary"
data/8592ee4d-7424763797077806344.mp4,normal_content
data/cd4f945e-7033424343845653765.mp4,normal_content
data/60b8b8fb-snaptik.vn_eAVBn.mp4,horror_scary
data/2e7b25b2-7530281969184197901.mp4,normal_content
data/975dc67a-gambl4right-2025-05-05_1843-Follow-4-more-simulation-airplane-planegam_aIJ8pNb.mp4,"gambling_drugs,game_risk_impact"
data/8e185959-7074926171347062043.mp4,normal_content
data/cd0973db-Download_16.mp4,horror_scary
data/f4d24ace-7080007980317478170.mp4,normal_content
data/c22d4211-7314851066829376776.mp4,normal_content
data/5ed36192-7562197791884332306.mp4,self_harm_suicide
data/3ec81ebb-glambing_34574.mp4,gambling_drugs
data/449135d2-7556556433303637268.mp4,educational_history
data/c8d57147-7092728027070647579.mp4,normal_content
data/9f4d4d9a-7365402305589447944.mp4,normal_content
data/3c8df6a5-7525363232039554321.mp4,normal_content
data/3611774e-narelletaa-2026-01-22_1716-percikan-darahnya-ga-terlalu-keliatan-di-ft_U4dyh7T.mp4,graphic_violence
data/1a3359d0-7573248761061854480.mp4,normal_content
data/2bc8e8f3-glambing_71662.mp4,"gambling_drugs,game_risk_impact"
data/1d59a88c-7572386309407313182.mp4,educational_history
data/2727261c-7577879270597348611.mp4,normal_content
data/90fc02a3-7483176476393655570.mp4,sexual_harm
data/5e9f4858-7558182645155368214.mp4,ai_slop
data/a4badbe4-culture-edge-9794.mp4,cultural_violation
data/589dbbf5-7529138136245439751.mp4,game
data/1a1cf1cb-7535715143640976647.mp4,normal_content
data/96566e48-7514709483466099974.mp4,horror_scary
data/3dee1b0e-Download_76.mp4,"game,toxic_behavior"
data/a3bc2115-7411387260194524434.mp4,sexual_harm
data/623f7c3d-7580583125378518292.mp4,educational_history
data/d7e5b4e0-7486111682495204626.mp4,politically_sensitive
data/512657c5-7518369793276169490.mp4,game_risk_impact
data/e2cb19ca-Download_-_2026-01-10T190232.466.mp4,cultural_violation
data/ba4fc721-Download_-_2026-01-12T094347.705.mp4,horror_scary
data/739c3b89-Download_-_2026-01-11T143642.998.mp4,normal_content
data/9867688a-7544014357823278366.mp4,sexual_harm
data/b9a33a25-7548454075893927175.mp4,normal_content
data/f9675033-7583527441961078036.mp4,politically_sensitive
data/c80093fe-glambing_15318.mp4,"gambling_drugs,scam_fraud"
data/1d61fecd-7430480752451538184.mp4,normal_content
data/ef2dcaf8-cul4.mp4,cultural_violation
data/03a7e854-7544715671393881362.mp4,normal_content
data/a4b95507-7505034641829645569.mp4,normal_content
data/57303e32-7309732383412981024.mp4,dangerous_acts
data/e8d4cc35-Download_-_2026-01-31T170351.931.mp4,graphic_violence
data/a7b88b98-6930625388401986818.mp4,toxic_behavior
data/7a110cd2-Download_-_2026-01-12T092401.772.mp4,gambling_drugs
data/aec937b3-7413990215028608262.mp4,sexual_harm
data/693a0e4e-7576036784543386887.mp4,ai_slop
data/6783bade-Download_52.mp4,horror_scary
data/66532385-7514955962969541908.mp4,sexual_harm
data/6299bc28-7578537078569340168.mp4,sexual_harm
data/c8f59d3e-Download_22.mp4,normal_content
data/21252468-Download_67.mp4,toxic_behavior
data/e3a88936-7583298765159779604.mp4,normal_content
data/d4a30ccd-glambing_19862.mp4,gambling_drugs
data/ba821720-Download_70.mp4,game
data/76b90f85-7566981617319824671.mp4,ai_slop
data/7091651e-7580686857193803015.mp4,normal_content
data/308d9568-7579597948313455880.mp4,game
data/99b45495-7549629701749312786.mp4,normal_content
data/70e03514-Download_-_2026-01-12T223431.924.mp4,scam_fraud
data/3908d217-Download_-_2026-01-12T092732.545.mp4,normal_content
data/eaedc0e6-7534317233242213652.mp4,educational_history
data/044949a8-7536497081360469256.mp4,"dangerous_acts,normal_content"
data/36fbefaa-7525106088799112466.mp4,self_harm_suicide
data/d73d88d7-7448253272449633552.mp4,normal_content
data/adbf0589-7172502095403224347.mp4,normal_content
data/93cec29f-Download_-_2026-01-12T094511.554.mp4,horror_scary
data/a7818106-7468997501194882311.mp4,normal_content
data/83cf02b5-7581840122308529429.mp4,normal_content
data/81d750fa-Download_69.mp4,"game,toxic_behavior"
data/c284a588-glambing_35325.mp4,"gambling_drugs,game_risk_impact"
data/818d35c9-7511934180264004872.mp4,normal_content
data/1dbb7443-Download_-_2026-01-31T171812.811.mp4,ai_slop
data/76873955-7574700419570552082.mp4,gambling_drugs
data/e1aead82-livingdeadgirl.666-2022-01-02_2039-bloody-photoshoot-D-fyp-alttiktok-a_c5sLAOB.mp4,graphic_violence
data/0d84f0f3-Download_13.mp4,"normal_content,horror_scary"
data/73bc6610-7572228662951611664.mp4,normal_content
data/e0d4492a-Download_45.mp4,"ai_slop,sexual_harm"
data/893d3d4a-7584035305099922709.mp4,game
data/b1f0c6aa-cavoinesua-2024-08-16_2232-vì-tôi-luôn-cố-gắng-chịu-đựng-mọi-thứ-nên-n_lsbU2B2.mp4,self_harm_suicide
data/01d6930f-7498065157889756438.mp4,sexual_harm
data/9ebc8952-002_mucnuongg.mp4,sexual_harm
data/60b37608-Download_-_2026-01-12T091726.241.mp4,normal_content
data/f49aa084-7583692077079285024.mp4,game
data/f4b0c2e0-7525877695788387606.mp4,normal_content
data/931342c5-7550238486276705554.mp4,normal_content
data/f0b977b4-Download_-_2026-01-10T191049.519.mp4,sexual_harm
data/a5540495-7539763155044404487.mp4,"toxic_behavior,normal_content,cultural_violation"
data/fb2de838-7583104911550811413.mp4,normal_content
data/1bea1a3f-6640860400176860422.mp4,normal_content
data/878d60e5-7579499956864683271.mp4,normal_content
data/f42c066f-7466734171436616968.mp4,game
data/fc532727-7588831994407259413.mp4,dangerous_acts
data/88c1dfd2-Download_74.mp4,"game_risk_impact,toxic_behavior"
data/bb867113-7572837983917821205.mp4,normal_content
data/6573fd97-glambing_45779.mp4,cultural_violation
data/0276b093-7582200840849591573.mp4,horror_scary
data/5cd22192-Download_-_2026-01-12T091436.385.mp4,self_harm_suicide
data/7141b846-7525964587049454903.mp4,dangerous_acts
data/45e1b585-7551424459991829767.mp4,"sexual_harm,normal_content"
data/1bd0052e-7571781012426984726.mp4,normal_content
data/3f06a809-7407400628340755719.mp4,politically_sensitive
data/751c2e56-7575475188079398165.mp4,educational_history
data/4f899f67-7536999174034754824.mp4,politically_sensitive
data/7c9e06c2-7536384363236297998.mp4,dangerous_acts
data/180cb986-7572531207351766280.mp4,game
data/88fe5170-7577313790803332383.mp4,normal_content
data/0a24ad95-7531224524709285142.mp4,sexual_harm
data/74a538cb-7528370065935404306.mp4,normal_content
data/359fd35e-7286844404168543521.mp4,normal_content
data/f87c826e-7576607455199644958.mp4,normal_content
data/829f1614-7578454573187206402.mp4,normal_content
data/06b1c274-7499490201220222214.mp4,sexual_harm
data/7efebda1-Download_-_2026-01-12T091733.213.mp4,"gambling_drugs,normal_content"
data/0332b863-Download_77.mp4,scam_fraud
data/ca6f31ab-7553766202951093526.mp4,normal_content
data/38db0815-Download_-_2026-01-12T091533.902.mp4,dangerous_acts
data/6702c227-nothingtltc-2025-02-05_1159-Có-ai-chung-thuyền-không-crypto-altcoin-ti_n9mlyyn.mp4,scam_fraud
data/e414bc0d-culture-edge-3781.mp4,cultural_violation
data/13789892-cincyslotslinger-2025-06-30_0400-MIGHTY-CASH-ULTRA-88-BONUSES-fypシ-vir_9UWoqZ5.mp4,gambling_drugs
data/c659b933-7320330706964565280.mp4,normal_content
data/97c509e0-Download_-_2026-01-11T151341.348.mp4,dangerous_acts
data/ab913716-lilwyn_x-2025-12-26_1939-7588145277983264007.mp4,self_harm_suicide
data/5776235c-7482688428589468935.mp4,politically_sensitive
data/434fa8ac-tuongtranquoctuandgms-2026-01-13_1502-Cụ-Độ-có-công-lập-ra-nhà-Trần-lạ_XkmkaXC.mp4,educational_history
data/4926b36a-7555852275462294806.mp4,normal_content
data/ff636001-7583234596809002261.mp4,normal_content
data/7bf7a850-7571706912048205074.mp4,normal_content
data/5fc0ee44-7576038698697886984.mp4,normal_content
data/10288ec4-7536828185321688375.mp4,normal_content
data/79eb30c6-7339863394436123905.mp4,game_risk_impact
data/65b5d9f1-7565092578509475079.mp4,normal_content
data/e7f7607b-7583662448054406421.mp4,game_risk_impact
data/ccfb128c-7489269639717948678.mp4,normal_content
data/5d99c582-glambing_59763.mp4,"gambling_drugs,scam_fraud"
data/4a390a76-Download_-_2026-01-12T100914.143.mp4,"gambling_drugs,normal_content"
data/be8a6c58-TikDown.com_TikTok_Media_001_2db8ea8ca26bce95cd53a299e573572a.mp4,cultural_violation
data/c66c4c31-7516435673990122774.mp4,normal_content
data/0ae70920-7470858715332218130.mp4,sexual_harm
data/0f376e25-glambing_44895.mp4,"gambling_drugs,game_risk_impact"
data/08b4b98b-p_mt9999-2025-04-29_2109-Đại-tướng-Võ-Nguyên-Giáp-kể-về-quyết-định-chỉ_5Tjka3M.mp4,educational_history
data/397d0acb-culture-edge-6495.mp4,"dangerous_acts,cultural_violation"
data/cd197a8f-7555094089599831314.mp4,normal_content
data/eb6780a6-7344676650405137670.mp4,sexual_harm
data/3f9c9386-7446281520932719890.mp4,normal_content
data/19b0ee01-7583245396252691734.mp4,normal_content
data/faff9ace-Download_79.mp4,scam_fraud
data/2104949a-7552800197819026696.mp4,horror_scary
data/518ea0b6-7512047614905355538.mp4,educational_history
data/2615c887-Download_9.mp4,"ai_slop,sexual_harm"
data/bd64f2cb-7517774570586115334.mp4,horror_scary
data/3203a6b6-t.n7900-2025-08-23_1032-Đang-sửa-điện-thì-điện-cao-áp-có-điện-đungs-Si_9KtnTVb.mp4,graphic_violence
data/5578996f-Download_-_2026-01-10T185904.889.mp4,politically_sensitive
data/52d188bd-7578887740721270034.mp4,normal_content
data/776520d0-7510754028129635627.mp4,normal_content
data/e19838ec-Download_-_2026-01-10T190608.069.mp4,"sexual_harm,cultural_violation"
data/e4f44101-Download_-_2026-01-12T100605.619.mp4,game_risk_impact
data/c17bea07-glambing_39528.mp4,"gambling_drugs,ai_slop"
data/e0106842-7582273795373747474.mp4,game
data/46973717-7550616861382118663.mp4,"toxic_behavior,normal_content,cultural_violation"
data/f6f163ff-7369910869980892434.mp4,"normal_content,politically_sensitive"
data/796f2805-Download_-_2026-01-11T143735.961.mp4,normal_content
data/7fe38130-culture-edge-1062.mp4,"sexual_harm,cultural_violation"
data/8839cab2-7368833787268025607.mp4,cultural_violation
data/9ec2d2ac-7569250475627842834.mp4,normal_content
data/4938b0ff-7519290459794050318.mp4,dangerous_acts
data/4dafd17a-7575393313910525204.mp4,normal_content
data/f6d6f79c-Download_95.mp4,scam_fraud
data/681e554d-7582801061988027668.mp4,normal_content
data/0aa676e4-7286335848117783826.mp4,"gambling_drugs,normal_content"
data/5b7f9aa1-7422291861953416454.mp4,normal_content
data/8c97c700-TikTok_Downloader-1768119973.mp4,normal_content
data/e48d05ec-7534557264007417095.mp4,"dangerous_acts,normal_content"
data/8c6d0145-Download_-_2026-01-10T171208.323.mp4,scam_fraud
data/3d10068e-7557307859709463816.mp4,sexual_harm
data/cc17ca52-7560588117674069255.mp4,"graphic_violence,horror_scary"
data/9aa403be-Download_-_2026-01-10T191358.853.mp4,sexual_harm
data/33266cef-Download_-_2026-01-12T092747.375.mp4,horror_scary
data/f9a74d0f-7571689695076306231.mp4,normal_content
data/60a56cd1-7581835681169804562.mp4,politically_sensitive
data/0b3bb167-glambing_21563.mp4,gambling_drugs
data/2f1a87d3-Download_-_2026-01-11T151657.478.mp4,dangerous_acts
data/71e0b2e1-7582488367070186774.mp4,politically_sensitive
data/d1dd95b4-7570797118319791367.mp4,normal_content
data/ba9208ef-7525081953377324302.mp4,normal_content
data/929c5e09-7582584252290632974.mp4,normal_content
data/7a772e6e-7584056666644106517.mp4,normal_content
data/9cd3313b-Download_-_2026-01-12T091434.768.mp4,dangerous_acts
data/9fb8eea5-7566075133215902994.mp4,"normal_content,toxic_behavior"
data/577a8cb3-Download_-_2026-01-10T180252.426.mp4,scam_fraud
data/1691a407-Download_-_2026-01-11T151319.036.mp4,dangerous_acts
data/b0717a3f-tbvsngocchau3-2025-09-23_1102-Uy-tín-của-nhà-Lê-đỉnh-tới-mức-Mạc-cướp-_duFSRZR.mp4,educational_history
data/d3fa59e3-7526944160285461783.mp4,sexual_harm
data/4906e40e-ko_bt_nx345-2023-09-16_2015-cậu-đừng-hiểu...-tuithandenbatkhoc-overthi_7aI2L1L.mp4,self_harm_suicide
data/62455831-7540217770529623304.mp4,sexual_harm
data/5668b410-Download_-_2026-01-10T190319.611.mp4,horror_scary
data/b0ccc208-7582631163404274965.mp4,politically_sensitive
data/14f57edf-7445770933538688298.mp4,game
data/49d780c3-7535067438031883538-400.mp4,horror_scary
data/20245110-7525125725855370504.mp4,normal_content
data/932f4c08-cul14.mp4,cultural_violation
data/09ddfd0a-battlecry.nguoikesu-2022-02-26_1800-Trung-Quo-c-thu-a-nha-n-tha-t-ba-i_je0ylBz.mp4,educational_history
data/becf4ae8-Download_-_2026-01-12T101107.771.mp4,sexual_harm
data/cb042866-user070651983-2025-09-12_1928-chientranhbiengioi1979-battlecry-nguoike_OEjYt8T.mp4,educational_history
data/ed09abfc-user66266774216080-2025-06-06_1157-fyp-映画-映画鑑賞-映画紹介-7512696051900468498.mp4,graphic_violence
data/eb85e625-Download_98.mp4,"graphic_violence,game_risk_impact"
data/59814536-catsarekwol-2025-10-22_2053-halloween-make-up-xyzabc-fake-fyp-trend-ho_EyDWNoN.mp4,graphic_violence
data/5abe6d2d-7557694881129401618.mp4,normal_content
data/5c4e68cb-7569112467419319570.mp4,self_harm_suicide
data/0b61be62-7588443098515180820.mp4,normal_content
data/1d1648fe-7574639010010762504.mp4,"dangerous_acts,normal_content,cultural_violation"
data/32135693-7588446066345889044.mp4,normal_content
data/01f9f061-Download_-_2026-01-31T171258.919.mp4,graphic_violence
data/7d046760-7570925736614284551.mp4,normal_content
data/6b9912d5-7433332133478911239.mp4,educational_history
data/daeff30b-bankerthichcode-2026-01-27_1305-Trump-sẽ-tấn-công-Iran-hay-không-banke_qLejzvK.mp4,politically_sensitive
data/44570245-TikDown.com_TikTok_Media_001_f0bf496c9f3bc851063f913b8f5232b5.mp4,cultural_violation
data/758ebd61-7573009964772412705.mp4,sexual_harm
data/febf41c9-7585149873914170645.mp4,normal_content
data/69e364dc-7434225160992935186.mp4,self_harm_suicide
data/d70d3041-7545727191657549074.mp4,normal_content
data/13be7a0d-7563343377069018388.mp4,normal_content
data/08b7bf72-7523713992674643207.mp4,normal_content
data/6d763585-7574362722092076296.mp4,normal_content
data/0f86bf5b-7488699593945861382.mp4,educational_history
data/3ea87970-7568531550996811063.mp4,normal_content
data/d2d2470f-culture-edge-2893.mp4,"dangerous_acts,cultural_violation"
data/2df86327-nhungvandedialy-2024-10-09_1423-Lãnh-thổ-thời-kỳ-Hậu-Lê-Lãnh-thổ-Việt-_SBD1OGE.mp4,educational_history
data/c46c359d-7557589789537471762.mp4,normal_content
data/1225d32a-Download_99.mp4,scam_fraud
data/3311098a-Download_-_2026-01-10T180439.629.mp4,scam_fraud
data/5d7d47df-culture-edge-1857.mp4,cultural_violation
data/70ee55b4-7270566277100424454.mp4,normal_content
data/f09cbd90-7574361254412832021.mp4,educational_history
data/e9efde4c-7572286822286462215.mp4,normal_content
data/c28f1ff7-7581358464652414230.mp4,normal_content
data/c5047964-Download_-_2026-01-10T191238.065.mp4,sexual_harm
data/21eaefd1-7563590188992089352.mp4,normal_content
data/48500243-Download_-_2026-01-10T181504.950.mp4,scam_fraud
data/8856ec47-7584234227575688455.mp4,politically_sensitive
data/2dd0a252-7271834439594806534.mp4,cultural_violation
data/55279819-Download_53.mp4,graphic_violence
data/4324894f-7489435971348466950.mp4,educational_history
data/b3d89475-7554142057342782728.mp4,normal_content
data/af08be5e-7493911374481952022.mp4,sexual_harm
data/4ae7ae85-7560315542960082184.mp4,normal_content
data/0b03ea64-glambing_94364.mp4,gambling_drugs
data/2ccec372-7555158582556380446.mp4,"graphic_violence,game_risk_impact,horror_scary"
data/8dd99b93-Download_87.mp4,normal_content
data/886bafb5-7485310617478253831.mp4,normal_content
data/f655ab35-_hoangfminhh-2025-10-26_1110-chuyện-gia-đình-247cuocgoinguoilangnghe-a_y0u7j7R.mp4,self_harm_suicide
data/9e8ac5ec-Download_-_2026-01-11T144342.822.mp4,toxic_behavior
data/795a7ebd-7559227320456826119.mp4,normal_content
data/8c02614b-Download_-_2026-01-10T190830.461.mp4,sexual_harm
data/aca32d1e-glambing_77460.mp4,"gambling_drugs,sexual_harm"
data/80f3f520-7584243770359581972.mp4,educational_history
data/fd4b7914-7409821694958914824.mp4,normal_content
data/7bed1c9b-7493838120987675909.mp4,normal_content
data/a502889d-7521070775885942023.mp4,"ai_slop,dangerous_acts"
data/db8e5b00-7570735863055928596.mp4,ai_slop
data/f17ff12d-7360541229098093832.mp4,normal_content
data/d8f054df-TikDown.com_TikTok_Media_001_f6beb602fe8f9d688bb6d3cdc5982534.mp4,scam_fraud
data/ff4d8a30-Download_-_2026-01-10T190532.162.mp4,sexual_harm
data/bf977de5-7571283762399415560.mp4,sexual_harm
data/fe2a33a2-Download_-_2026-01-10T190329.436.mp4,cultural_violation
data/72c4b794-culture-edge-6895.mp4,dangerous_acts
data/948200b3-7307866633165475090.mp4,"game_risk_impact,dangerous_acts,cultural_violation"
data/66e122ef-7563895128054861063.mp4,normal_content
data/6aaeb44f-001_pelmentoss.mp4,sexual_harm
data/38406c7b-7284475700948602119.mp4,normal_content
data/0b4af6b6-7327482120631307562.mp4,normal_content
data/39ad7958-Download_-_2026-01-10T184935.975.mp4,politically_sensitive
data/0f8067ac-Download_-_2026-01-12T223433.383.mp4,scam_fraud
data/dd555998-7473203138850278664.mp4,normal_content
data/2734835a-7315735717114596609.mp4,normal_content
data/1d061b07-7523278141050162445.mp4,normal_content
data/187e1dfc-7560661166108724487.mp4,normal_content
data/b4ac816e-7370162596130852104.mp4,normal_content
data/50fcd329-7548801024853593362.mp4,sexual_harm
data/2fbe7c23-7589139611134217480.mp4,normal_content
data/558168e8-7570885642184330512.mp4,sexual_harm
data/67240f64-7152792219114605851.mp4,dangerous_acts
data/30d342cf-7392778916303260946.mp4,normal_content
data/7d45720b-7528326217783594258.mp4,normal_content
data/0378eadc-Download_-_2026-01-12T094527.495.mp4,horror_scary
data/1d5b1000-ngi.cng.sn309-2025-06-12_2309-Quan-điểm-gay-gắt-của-cựu-Tổng-Thống-Ngu_vElngjI.mp4,politically_sensitive
data/845ec0cf-7568738406855937298.mp4,normal_content
data/1390a141-nhabap98-2024-02-08_2022-ap-luc-gia-dinh-viral-xuhuong-lyrics-ndii101__70vIqOG.mp4,self_harm_suicide
data/5839afae-7360196471112666373.mp4,sexual_harm
data/45f569fe-7456978397495872798.mp4,"graphic_violence,game_risk_impact,dangerous_acts"
data/847c8cbc-7326398717278440711.mp4,normal_content
data/b604c352-dauan.lichsu-2025-04-08_1651-Chiến-dịch-Xuân-Lộc-1975-phần-2-.-Nguồn-B_WbhVmTx.mp4,educational_history
data/6cc9a43e-7553075765563198728.mp4,normal_content
data/cbd3df60-Savetik-Net_7588912954171460885_v2.mp4,"gambling_drugs,self_harm_suicide"
data/4079c800-7545364285384445191.mp4,educational_history
data/1464bceb-7260666957727403266.mp4,normal_content
data/a0cfb301-7474964315267714305.mp4,sexual_harm
data/a3a87a6d-7254109428104924421.mp4,sexual_harm
data/328cb215-7521667033017191687.mp4,normal_content
data/04923aab-snaptik.vn_VTIOc.mp4,graphic_violence
data/a347d09a-7565882119071796487.mp4,normal_content
data/f0f67c13-7571561324845600008.mp4,sexual_harm
data/3b6ab89e-7494944559625981185.mp4,normal_content
data/ee667b55-7470007368269434120.mp4,normal_content
data/33de16c5-Download_50.mp4,sexual_harm
data/254c7e97-Download_79.mp4,graphic_violence
data/3bcf2d78-dongchaysuviet-2024-05-02_1900-Chiến-tranh-Đại-Việt-Chiêm-Thành-năm-10_XDvbuYc.mp4,educational_history
data/fddd75c7-7368829322104163602.mp4,normal_content
data/978a2d3a-7555222291873877270.mp4,normal_content
data/a0a599d4-7576185805325077776.mp4,normal_content
data/927212d7-7560643308389780791.mp4,ai_slop
data/2e3cd645-7544673932205378832.mp4,normal_content
data/a5b444da-7584004375622847752.mp4,normal_content
data/4694f5cd-Download_-_2026-01-12T094520.061.mp4,horror_scary
data/a6cd1e72-7548334595188460807.mp4,normal_content
data/a363a64d-7506170546455989526.mp4,horror_scary
data/82020708-7567967413485030677.mp4,"normal_content,cultural_violation"
data/5e697c30-Download_66.mp4,"graphic_violence,game_risk_impact"
data/0eef09fb-7579544623165607176.mp4,normal_content
data/231b80c0-Download_-_2026-01-31T171117.244.mp4,graphic_violence
data/df6e19d4-7582062386564189458.mp4,normal_content
data/1ee2a565-7533314655368875271.mp4,normal_content
data/bd231a04-Download_43.mp4,ai_slop
data/31f51e42-7569419186754080030.mp4,"sexual_harm,dangerous_acts"
data/6b32a44c-Download_-_2026-01-10T171124.511.mp4,scam_fraud
data/a572a508-ad-movieeeeeeeess-2025-07-09_2308-New-Zombie-Movie-Available-on-Netfli_Yw99Zrz.mp4,graphic_violence
data/4367b6fa-7476719451623165202.mp4,normal_content
data/58c568d8-seko1_01-2024-07-19_0004-Lào-thủ-Hà-Tĩnh-chào-tất-cả-ae-cả-nước-thuocl_nO0FFf9.mp4,gambling_drugs
data/8852ddc5-Download_-_2026-01-11T153409.841.mp4,cultural_violation
data/86245096-7510833115510639890.mp4,self_harm_suicide
data/1aab51ec-7580672211506236679.mp4,politically_sensitive
data/a31ec65c-7527029029124295944.mp4,game
data/123f5ea7-7574969285810949406.mp4,sexual_harm
data/431ddea9-7573263229971893522.mp4,normal_content
data/9bbedb40-7546430874011634951.mp4,normal_content
data/8e6e49a7-7577714209627081992.mp4,sexual_harm
data/b829f4c5-7540224164922346760.mp4,normal_content
data/2c4473ad-Download_100.mp4,graphic_violence
data/f9945745-7549174072891034887.mp4,dangerous_acts
data/01b54592-7547887541748256018.mp4,normal_content
data/ee4fe03f-culture-edge-5119.mp4,"dangerous_acts,cultural_violation"
data/3844f755-7580720746532457746.mp4,normal_content
data/fda3a6a0-Download_-_2026-01-12T101058.478.mp4,toxic_behavior
data/a6d5e13e-7573248954767346962.mp4,normal_content
data/88546b2f-7581727028966100245.mp4,sexual_harm
data/9bd13a8c-Download_77.mp4,"graphic_violence,game_risk_impact"
data/bee24b74-del.brunolima-2025-09-03_0446-Esp4nc4r-um-cachorro-em-plena-luz-do-dia_ne64zGl.mp4,graphic_violence
data/54f13265-7546607596942281991.mp4,normal_content
data/b5b144c2-7587047306990472468.mp4,normal_content
data/636a1d70-Download_47.mp4,"ai_slop,horror_scary"
data/62a419a5-7562468371803933960.mp4,"graphic_violence,normal_content"
data/6b742a46-vietboy.games-2025-05-11_1048-Kiếm-tiền-dễ-dàng-hàng-ngày-vietnam-game_BIz5q83.mp4,"gambling_drugs,game_risk_impact"
data/253a0484-Download_-_2026-01-10T190525.912.mp4,sexual_harm
data/e63ff226-Download_12.mp4,normal_content
data/7864df5a-7558046883805924615.mp4,cultural_violation
data/efd5b697-7276731186200792338.mp4,normal_content
data/6813b8b6-7588738194515053845.mp4,dangerous_acts
data/e7d17180-7523464854397537554.mp4,normal_content
data/81876799-7511278261016562951.mp4,normal_content
data/3407dc81-Download_-_2026-01-11T143903.766.mp4,normal_content
data/c0d75d9b-7575107147801955604.mp4,normal_content
data/0dd4bdce-Download_68.mp4,"graphic_violence,game_risk_impact"
data/77f78f8c-TikDown.com_TikTok_Media_001_91ad26d861f77a802e85742614546e4c.mp4,"ai_slop,horror_scary"
data/ecbba83b-7563606101913062664.mp4,"sexual_harm,cultural_violation"
data/77081d33-7583723795094031634.mp4,normal_content
data/f9e9ede5-7028426729832156442.mp4,cultural_violation
data/bdbad380-Download_85.mp4,normal_content
data/fce7ea8e-7567577003092741394.mp4,normal_content
data/92d6cb4e-7575378175920704781.mp4,normal_content
data/e1462a28-7472683075273510151.mp4,normal_content
data/05339e69-7366617372960099601.mp4,dangerous_acts
data/91e2a593-7222353043503713542.mp4,normal_content
data/b5578b79-vietnam.move-2026-01-10_1900-Có-thể-bạn-đã-biết-hoặc-chưa-Chiếu-dời-đô_QtVbliy.mp4,educational_history
data/91b92bb2-7521742504283081991.mp4,normal_content
data/c827a9a6-7510897886675111214.mp4,ai_slop
data/0a929c32-7506973166288325931.mp4,normal_content
data/00ab0add-7550271599383973138.mp4,normal_content
data/b35c9569-glambing_78621.mp4,toxic_behavior
data/a78caf77-7375973253766073608.mp4,self_harm_suicide
data/7668ef44-7499508451685502216.mp4,normal_content
data/591f388e-Download_-_2026-01-12T095135.704.mp4,horror_scary
data/9c0edd54-7535029848570350866.mp4,"graphic_violence,normal_content"
data/9e25b345-Savetik-Net_7470176553972829448_v2.mp4,self_harm_suicide
data/640cfa2d-7589207771367623944.mp4,normal_content
data/c6dbf3e5-7565440765200043271.mp4,politically_sensitive
data/a063303b-7557394955291888903.mp4,normal_content
data/ffb5a73f-7404107474162306305.mp4,self_harm_suicide
data/d7ef934c-7582655469035080980.mp4,sexual_harm
data/b43306d4-sc2.mp4,scam_fraud
data/5d78b7a4-7499825225874377992.mp4,normal_content
data/ba37aed4-7573004486445108497.mp4,politically_sensitive
data/0c797acf-7541645296615361814.mp4,sexual_harm
data/d5ba1335-Download_86.mp4,scam_fraud
data/d29fce6e-7484601016512515350.mp4,normal_content
data/79cfef91-baby686800-2022-12-18_1741-Bạn-đã-đạt-tới-mức-độ-nào-rồi-tamtrang-tieu_v8mBBXm.mp4,self_harm_suicide
data/1fb74449-7582162397717220639.mp4,ai_slop
data/4317dc33-7536945511870385415.mp4,normal_content
data/5653b30a-tannguyenchungkhoangfb-2025-07-28_0852-Luận-bàn-chiến-sự-Thái-cam-Nóng_XgQMUIW.mp4,politically_sensitive
data/5451ecd0-7572563312773287199.mp4,normal_content
data/5714b811-7569872080515239175.mp4,normal_content
data/dd108c2d-7558016172013276423.mp4,normal_content
data/9491cf21-vohankienthucc-2025-08-09_1010-Điểm-lại-những-hình-thức-tra-tấn-tàn-bạ_0CdtM46.mp4,graphic_violence
data/7e0e4a0b-Download_12.mp4,graphic_violence
data/ebd05c7c-7483560325095181586.mp4,normal_content
data/4c323e08-Download_-_2026-01-11T153257.991.mp4,self_harm_suicide
data/6821015f-7513268224889195784.mp4,normal_content
data/35430ce1-culture-edge-3936.mp4,cultural_violation
data/332bb815-7586565975907011848.mp4,normal_content
data/7766d16d-7572612283080346888.mp4,self_harm_suicide
data/d93f4b4a-7552046752333909255.mp4,educational_history
data/0624c25f-7519466120298892575.mp4,dangerous_acts
data/32c537e3-7571728000006343943.mp4,sexual_harm
data/e4635447-7449320910974192914.mp4,educational_history
data/d958fc4d-TikDown.com_TikTok_Media_001_47bf29da555e095cb2003f00bddd5511.mp4,scam_fraud
data/35548372-7571357525031914770.mp4,normal_content
data/34c8a2c4-Download_27.mp4,graphic_violence
data/7acae83d-Download_73.mp4,"toxic_behavior,cultural_violation"
data/c611aac5-historyislife1-2022-04-19_1210-P1-cre-Battlecry-Người-Kể-Sử-lichsu-xh-_6OIAsmb.mp4,educational_history
data/b2db9fe6-7362528568737418512.mp4,"sexual_harm,politically_sensitive"
data/306fe0fe-7572086544173993234.mp4,"toxic_behavior,cultural_violation,politically_sensitive"
data/08e04cff-7529923126566636820.mp4,"game,sexual_harm"
data/3df596cb-Download_81.mp4,graphic_violence
data/31d5a4bf-7564697677636586760.mp4,normal_content
data/e3bcd72e-7582969358893223175.mp4,normal_content
data/460e6ca0-7313052691788401927.mp4,"gambling_drugs,normal_content"
data/fb75cf71-7573577728016928007.mp4,"dangerous_acts,cultural_violation"
data/2df32f41-7583192981100891399.mp4,normal_content
data/73e33147-7564360198505368839.mp4,normal_content
data/13766f7e-7565919090183916808.mp4,normal_content
data/a4acfaba-7582443774022847762.mp4,game_risk_impact
data/fc5d0e71-7522869071688355080.mp4,sexual_harm
data/b587272e-7477977724082982151.mp4,normal_content
data/cb744f41-Download_-_2026-01-31T173052.528.mp4,dangerous_acts
data/2c1438be-7569219118809828616.mp4,normal_content
data/462c7687-7297693804570709250.mp4,normal_content
data/5ff5fc46-7583608502019509524.mp4,politically_sensitive
data/d019472e-7397986232963222789.mp4,normal_content
data/0db8574f-7581828329968356616.mp4,sexual_harm
data/d8e8b8ef-7523061807292894471.mp4,normal_content
data/c5123399-7517745418659286278.mp4,sexual_harm
data/51e6ba90-7580831959417457940.mp4,normal_content
data/8c5a989c-7561690194584407310.mp4,normal_content
data/70c94d1d-7534748599582739719.mp4,"gambling_drugs,cultural_violation"
data/1e442358-7584241449936456978.mp4,normal_content
data/3feaa4fc-itzreih_2024-12-12_1652-Lemonade.mp4-happytreefriends-brutal-gore-bloo_GW3gC96.mp4,"graphic_violence,horror_scary"
data/19a33717-7507211533382847751.mp4,educational_history
data/e729132b-glambing_97683.mp4,gambling_drugs
data/1b1fcad8-7571620839217548551.mp4,sexual_harm
data/266931de-7582445959985122580.mp4,politically_sensitive
data/3b508572-Download_90.mp4,scam_fraud
data/e1f4aa1a-7584079274676604172.mp4,normal_content
data/a9850372-culture-edge-2783.mp4,"sexual_harm,cultural_violation"
data/95e93533-nguoiviethayke-2025-03-09_1708-Hàng-ngàn-người-Campuchia-xuống-đường-b_2F2eroC.mp4,politically_sensitive
data/4e1b4873-7585118377954315527.mp4,normal_content
data/c86035ea-7530608030254255378.mp4,"gambling_drugs,normal_content"
data/ee389943-7565956623202618638.mp4,normal_content
data/7f877570-7532534531987885319.mp4,toxic_behavior
data/d27e1ad2-culture-edge-3537.mp4,"dangerous_acts,cultural_violation"
data/3f619a30-7581595147578952972.mp4,normal_content
data/491e8aa0-7575926504815709447.mp4,toxic_behavior
data/406dd955-7578928699295157526.mp4,graphic_violence
data/dc34d9a3-Download_37.mp4,graphic_violence
data/c87e8abe-7558739868457635094.mp4,game
data/6494ad77-7518244103583239432.mp4,educational_history
data/be6f819e-7250092462168067333.mp4,self_harm_suicide
data/6d6e4c25-7496180341166624022.mp4,normal_content
data/bd17d24a-7405892344748297480.mp4,normal_content
data/f0eb25a4-7460115803325599018.mp4,game
data/777cce42-7099044994241056026.mp4,horror_scary
data/bc90d2f2-7577268285931080967.mp4,normal_content
data/a1499c33-TikDown.com_TikTok_Media_001_2910587a771934913314219f9a9d57cf.mp4,dangerous_acts
data/43d1d8c3-7406963349818199304.mp4,normal_content
data/557989e1-Download_10.mp4,"graphic_violence,ai_slop,horror_scary"
data/6ea61f53-7573164230946475271.mp4,normal_content
data/191c4ac3-7580583125378518292.mp4,educational_history
data/a1ec8947-7561980638832758029.mp4,normal_content
data/2acf6750-Download_-_2026-01-11T151101.393.mp4,dangerous_acts
data/34b2b0c0-7580360742776491284.mp4,normal_content
data/81841649-7563320948112346375.mp4,normal_content
data/170e6e2e-7572156934896241976.mp4,normal_content
data/b0aac5f7-7397400706543734023.mp4,toxic_behavior
data/9df18895-Download_-_2026-01-12T094649.642.mp4,horror_scary
data/913ced3e-7563119592395115794.mp4,horror_scary
data/afce9efb-7408430408842382610.mp4,cultural_violation
data/188f3d21-7584476697529978133.mp4,normal_content
data/beffbbcb-7553149794428947720.mp4,normal_content
data/a6922fff-sachcuathay88-2025-03-05_1128-Thầy-Hữu-Giang-phân-tích-Nga-Mỹ-và-Ukain_Jj7mibD.mp4,politically_sensitive
data/e003d952-7558823232837586183.mp4,dangerous_acts
data/9a5ea34c-7565863790575684872.mp4,normal_content
data/fc41edc9-glambing_42525.mp4,gambling_drugs
data/bd582227-7461940152865131783.mp4,normal_content
data/4ef2d884-7557519177687371064.mp4,normal_content
data/966313e6-cul16.mp4,cultural_violation
data/e1893038-Download_13.mp4,graphic_violence
data/f80c4f96-lady_grinning_soul-2019-10-29_0223-Bloody-foryou-foryoupage-art-drawin_GZDhzxi.mp4,graphic_violence
data/66141cdb-7566333458696473869.mp4,graphic_violence
data/9c9d7cce-7271248594739432710.mp4,toxic_behavior
data/0e3d5390-7559623198896082198.mp4,sexual_harm
data/e0e99b33-7470590430317415688.mp4,normal_content
data/68b4f1a4-dauan.lichsu-2025-04-30_1916-Chiến-dịch-Hồ-Chí-Minh-1975-phần-4-.-Nguồ_sX3pPpW.mp4,educational_history
data/6577a5de-7163316745632075050.mp4,normal_content
data/e989646f-7582957668340649237.mp4,normal_content
data/45121dc6-7568856419055832338.mp4,dangerous_acts
data/e227fedf-culture-edge-3622.mp4,"dangerous_acts,cultural_violation"
data/a6d35249-7138947299903917317.mp4,normal_content
data/4a25a8bb-TikDown.com_TikTok_Media_001_3262d9dff45f028734987c85d63ec056.mp4,scam_fraud
data/060dc9f3-Download_71.mp4,"game,toxic_behavior"
data/2049a337-7314563471159332098.mp4,"gambling_drugs,normal_content"
data/e726be23-Download_-_2026-01-31T170959.810.mp4,graphic_violence
data/897ae899-6965644147571150081.mp4,gambling_drugs
data/b8a317a5-7575221981969124626.mp4,normal_content
data/748543fe-Download_-_2026-01-31T173243.198.mp4,dangerous_acts
data/cff9a8ee-7581959004004289812.mp4,normal_content
data/a131c48f-bethel_tokk-2026-01-31_1254-BREAKING-Ee-US-is-Preparing-to-Strike-Iran_88RcBUy.mp4,politically_sensitive
data/390fb9af-glambing_38709.mp4,"gambling_drugs,scam_fraud"
data/454b102e-7581800445472034066.mp4,self_harm_suicide
data/55c1bdf9-7587758972766113032.mp4,politically_sensitive
data/f596f62a-7105411213839879451.mp4,normal_content
data/85262c84-7423689086973611282.mp4,normal_content
data/fbabaf67-TikDown.com_TikTok_Media_001_e841574fde749c8c0a75829475fd89ab.mp4,"scam_fraud,cultural_violation"
data/b11d1d3d-7489680632675683602.mp4,normal_content
data/c18dcf32-7561854395349060882.mp4,normal_content
data/49549acb-7517547692336090386.mp4,educational_history
data/f2e33175-Download_-_2026-01-12T093633.961.mp4,normal_content
data/504f6df4-7516962638799179030.mp4,sexual_harm
data/f0a90ed0-7562400947637390599.mp4,sexual_harm
data/57d8ec16-7454289222871026966.mp4,normal_content
data/b488d5c0-glambing_63398.mp4,gambling_drugs
data/14b76905-7585877928198540565.mp4,game_risk_impact
data/30577637-7395956652647795975.mp4,politically_sensitive
data/62c3e948-Download_25.mp4,ai_slop
data/8573763e-7588011017154661649.mp4,normal_content
data/e1078e79-7524201870148062472.mp4,normal_content
data/39b71c3c-7580218803745803541.mp4,game
data/44feda16-7559598082510376212.mp4,educational_history
data/ab8c8046-7521030081041501458.mp4,normal_content
data/2f390cf4-culture-edge-9961.mp4,"sexual_harm,cultural_violation"
data/f8724c98-7470024906327985416.mp4,normal_content
data/f941ff2b-Download_18.mp4,"ai_slop,horror_scary"
data/84fba1cf-7397677249790512392.mp4,politically_sensitive
data/c5099045-7544764041965702430.mp4,sexual_harm
data/c47b9246-7368113675502161170.mp4,"scam_fraud,normal_content"
data/321c7806-7559605355572022546.mp4,sexual_harm
data/b5f614f0-7550623526181408018.mp4,normal_content
data/8f5a610c-7579229763689106706.mp4,dangerous_acts
data/f7b53fd2-Download_62.mp4,"ai_slop,horror_scary"
data/41160866-quynhgiao1270-2024-01-19_2330-Trả-lời-amthambenem2507-Quá-là-dài-hy-vọ_Jb30OTP.mp4,educational_history
data/5a72a438-thebigjackpot-2025-06-12_0300-Dragon-Delivers-Dazzlingly-Dramatic-BOOM_ADBbUY3.mp4,gambling_drugs
data/74e3545a-7555857388977376533.mp4,game
data/eb4e0111-7537991757536005394.mp4,normal_content
data/0bbd9845-7557759677740715272.mp4,cultural_violation
data/211f6e37-7515734865636003092.mp4,normal_content
data/7a95f93b-vnchuyenchuake-2025-11-17_0844-13-Vị-vua-triều-Nguyễn-Ai-yêu-nước-Ai-h_Vszomm1.mp4,educational_history
data/d9ad0caf-7509057786324536584.mp4,dangerous_acts
data/cd31ba11-7222998109326937346.mp4,normal_content
data/80286331-7571895094710734100.mp4,sexual_harm
data/90ad1785-7540653385662369042.mp4,normal_content
data/44f95918-7573116297614003477.mp4,"dangerous_acts,cultural_violation"
data/54bd85ff-Download_54.mp4,graphic_violence
data/0e6326c8-Download_-_2026-01-10T191246.233.mp4,sexual_harm
data/5a3558e5-Download_-_2026-01-11T142348.137.mp4,normal_content
data/bb89327d-7570209890766032148.mp4,normal_content
data/ab35fcb3-DownTik.Io_7526171496666893586.mp4,"ai_slop,sexual_harm"
data/4e45a063-7386248127151459591.mp4,normal_content
data/08ba8103-7550711744390466839.mp4,sexual_harm
data/5d56d2dc-7277007001215929601.mp4,cultural_violation
data/7793f2ec-7572046302591061278.mp4,"sexual_harm,cultural_violation"
data/059abfa5-7519842399133142279.mp4,normal_content
data/f5f9ee8d-Download_29.mp4,"ai_slop,cultural_violation"
data/9eb59bc8-7462157324912807201.mp4,normal_content
data/922e5925-7525239258609732871.mp4,toxic_behavior
data/9d4aff91-7413322325703085320.mp4,normal_content
data/f4d15c23-7577503170159529234.mp4,normal_content
data/eaa5f74d-7579647014577736981.mp4,normal_content
data/f7a5fad8-7543178453386874132.mp4,normal_content
data/711b175a-7447023237696900370.mp4,"sexual_harm,cultural_violation"
data/4d7ccbb2-7205412787986779394.mp4,"normal_content,toxic_behavior"
data/32cc2b55-7568102687057743117.mp4,normal_content
data/68204b9b-7533199436076469511.mp4,normal_content
data/c79b76da-7506482139941129480.mp4,normal_content
data/ef5ef4a2-Download_42.mp4,ai_slop
data/9c4ddd1a-7517281370922634504.mp4,game_risk_impact
data/af0609da-7119053286405049601.mp4,normal_content
data/16f0d82b-7407417436015791378.mp4,ai_slop
data/31e76e51-Download_46.mp4,"ai_slop,sexual_harm"
data/52fc847e-7557738370944847111.mp4,normal_content
data/a60254b3-Download_-_2026-01-11T144037.728.mp4,cultural_violation
data/0d3d3f4f-7570323201977273608.mp4,sexual_harm
data/98e548dc-Download_4.mp4,"graphic_violence,game_risk_impact"
data/208155c2-7436210654182198561.mp4,game
data/2989cf31-7514997801672117522.mp4,self_harm_suicide
data/a99347bd-7516665481642708255.mp4,normal_content
data/ff01409f-7571031054132251922.mp4,sexual_harm
data/91bb35ec-Download_-_2026-01-11T152751.631.mp4,self_harm_suicide
data/33309544-7567022505882422550.mp4,dangerous_acts
data/f2f6c6b1-7560549704044514571.mp4,normal_content
data/719b7e3e-Download_-_2026-01-12T091825.185.mp4,"dangerous_acts,normal_content"
data/04b223f9-7481829479183093000.mp4,normal_content
data/e920028b-7095634509281955099.mp4,game
data/d41faca0-Download_-_2026-01-11T152331.774.mp4,"normal_content,horror_scary"
data/4e6beef2-7543831512244833543.mp4,horror_scary
data/d24dfdda-7579625837381668114.mp4,normal_content
data/771be337-glambing_91349.mp4,gambling_drugs
data/9bdb3047-7505358921725431048.mp4,normal_content
data/c7e82933-7151006429455961346.mp4,normal_content
data/dc8d2d4d-culture-edge-8092.mp4,cultural_violation
data/ba3ef79b-7582923183020346644.mp4,normal_content
data/0fd4521a-7449320910974192914.mp4,graphic_violence
data/38a6aec6-7581024903902547220.mp4,"game_risk_impact,horror_scary"
data/6a433fc7-7287617127744425223.mp4,normal_content
data/9554972d-7473477989544594696.mp4,normal_content
data/a5554cc5-7280338811106643201.mp4,normal_content
data/c2b05de4-7503492662201158930.mp4,sexual_harm
data/3d6c9d64-7566728493933858059.mp4,sexual_harm
data/7bfba62c-TikDown.com_TikTok_Media_001_b28d83254771f86c92d0bfdaaf489e54.mp4,"gambling_drugs,scam_fraud,game_risk_impact"
data/f7e8b63b-7573588899696626951.mp4,politically_sensitive
data/6d61fffc-7573525664775671058.mp4,normal_content
data/ebe74bfe-7537103923048434957.mp4,normal_content
data/723bf3c7-7546633210176736520.mp4,sexual_harm
data/7377b12f-7548822006704180488.mp4,normal_content
data/efef3386-7514292485263215880.mp4,normal_content
data/d2a737f3-7431944364160486664.mp4,sexual_harm
data/2bd6bcea-7563267408920726802.mp4,normal_content
data/5d77cca6-culture-edge-5550.mp4,cultural_violation
data/cd1bb029-7454612084131745046.mp4,normal_content
data/1d20f1d2-7498862229685669125.mp4,sexual_harm
data/1a60aa28-7583683877500128530.mp4,"game_risk_impact,horror_scary"
data/851a5bfa-7522743520256462098.mp4,ai_slop
data/edb0dd15-7554587139938340103.mp4,sexual_harm
data/1a3d6dd3-7546619641251122453.mp4,normal_content
data/afea1b5d-7580358501260692743.mp4,politically_sensitive
data/eb773421-Download_-_2026-01-10T191001.356.mp4,sexual_harm
data/c0b42dc8-7557165705955691832.mp4,normal_content
data/1192c3c7-7528384723555519751.mp4,politically_sensitive
data/2015563b-7563580068216229142.mp4,normal_content
data/e6af729b-Download_98.mp4,scam_fraud
data/4ed296a5-7549789961680063765.mp4,normal_content
data/69cfb301-7576242715411746078.mp4,normal_content
data/967bbeda-vio8.mp4,graphic_violence
data/0390dfeb-Download_96.mp4,"scam_fraud,normal_content"
data/a8defd13-hoiuclichsu_2025-07-27_1833-Rạch-Đôi-Sơn-Hà-nền-kinh-tế-chúa-Nguyễn-và_1QVDpPs.mp4,educational_history
data/51e9b9ec-7575539290067717394.mp4,normal_content
data/cca3a7d7-7581707998943399189.mp4,"toxic_behavior,politically_sensitive"
data/270a1e1a-7583798618960809234.mp4,"sexual_harm,toxic_behavior"
data/e4ae7ad4-7580216231236488468.mp4,normal_content
data/f515c8c4-7487470079945280774.mp4,normal_content
data/2b46fb2d-7549166210814987533.mp4,"dangerous_acts,toxic_behavior"
data/7be76eb3-7573154317494963467.mp4,normal_content
data/b4ee1e93-7562576769136495892.mp4,normal_content
data/f744ed6f-7502236424813448455.mp4,normal_content
data/853c46e3-7545680733835185415.mp4,normal_content
data/cf370341-7565076416295947533.mp4,normal_content
data/9f68254c-7550894306559544594.mp4,normal_content
data/d5da181c-7575866573647367437.mp4,sexual_harm
data/2b5e4481-7290417396295290113.mp4,"gambling_drugs,cultural_violation"
data/0c8e3282-7563643132781301047.mp4,ai_slop
data/26f832a8-Download_-_2026-01-31T174542.649.mp4,dangerous_acts
data/f9bbc875-7556477205958692103.mp4,politically_sensitive
data/4e468ca2-7512065965689998610.mp4,normal_content
data/32e6d71d-7481607430674189589.mp4,educational_history
data/9e16507e-7584815646840524053.mp4,normal_content
data/2d783e9e-7576564274772954423.mp4,normal_content
data/17961ad8-culture-edge-5025.mp4,"sexual_harm,cultural_violation"
data/a75bb680-7531808031454022919.mp4,cultural_violation
data/c916bfb3-7584022700180475143.mp4,game_risk_impact
data/b4b850f0-7511332034539687189.mp4,"graphic_violence,dangerous_acts"
data/45599634-7553561379664416012.mp4,normal_content
data/1196965e-7507998479898234113.mp4,sexual_harm
data/cb87a8d4-Download_-_2026-01-12T093418.560.mp4,"graphic_violence,normal_content"
data/7359281d-7466736429155077419.mp4,ai_slop
data/95d312a6-7584143837199715614.mp4,normal_content
data/4400a058-culture-edge-3075.mp4,"dangerous_acts,cultural_violation"
data/2d8e2115-7505377202167418134.mp4,normal_content
data/2238de32-Download_76.mp4,"graphic_violence,game_risk_impact"
data/c64d99e2-7548060036438822151.mp4,sexual_harm
data/6dd232ec-7577578066671668491.mp4,normal_content
data/3dddb634-7579581559032876296.mp4,normal_content
data/064eb52f-7574088047268990226.mp4,normal_content
data/ab957d9a-7572986824398867734.mp4,horror_scary
data/4e538b41-7471419955318148394.mp4,graphic_violence
data/07b4641a-Download_41.mp4,horror_scary
data/e6e534de-theannh_2025-01-31_2004-Có-tiền-thì-có-thuốc-ngon-không-tiền-chỉ-có-sà_iRV0kxX.mp4,gambling_drugs
data/56a41ebe-7312698387558665477.mp4,gambling_drugs
data/6bdad445-Download_30.mp4,ai_slop
data/be6af689-7450694344484375828.mp4,normal_content
data/6a7ce578-7569884871212961042.mp4,normal_content
data/79bcd10f-7581132870694145300.mp4,self_harm_suicide
data/50fe8a81-Download_54.mp4,sexual_harm
data/d068dc7e-7561453903993130295.mp4,ai_slop
data/a7883b13-7572447822822362375.mp4,normal_content
data/1e65a1a2-7355685341006793989.mp4,normal_content
data/82d008d5-7463110197289110802.mp4,educational_history
data/36525ea1-vochinghia26032000-2024-05-17_0225-Qua-Cam-Làm-Giàu-xuhuong-cambodia-m_KimmlGU.mp4,scam_fraud
data/1ce17e64-7496836687084014853.mp4,normal_content
data/db4bf7a5-7587655935196269880.mp4,normal_content
data/77ae7aef-7357117554751524139.mp4,normal_content
data/0751e36e-7539952758720384312.mp4,normal_content
data/25f9993d-7483087995013172498.mp4,sexual_harm
data/5ea434e2-7526575167036869896.mp4,"graphic_violence,dangerous_acts,toxic_behavior"
data/e2c0917b-7564178376614006019.mp4,normal_content
data/372bba31-Download_25.mp4,horror_scary
data/d423e35b-7573232603013090578.mp4,normal_content
data/f9ca2be7-Download_-_2026-01-31T173528.473.mp4,dangerous_acts
data/3bacbb02-7573472484280913168.mp4,"sexual_harm,normal_content,toxic_behavior"
data/5b4dfc9a-7552394346683845895.mp4,normal_content
data/a2f89cea-7584041645545426196.mp4,normal_content
data/ececc58f-Download_-_2026-01-12T181255.968.mp4,toxic_behavior
data/ae2abe52-7540158928202583303.mp4,normal_content
data/7873aaf5-7538048689093414152.mp4,cultural_violation
data/2ad02b6e-7430086411149233426.mp4,sexual_harm
data/379f275f-7568689587912969479.mp4,normal_content
data/98943de1-7580275830018952469.mp4,normal_content
data/dca14311-7436058594388299016.mp4,normal_content
data/184cf570-sc1.mp4,scam_fraud
data/4366c4a8-Download_-_2026-01-12T091913.187.mp4,horror_scary
data/084e0947-Download_-_2026-01-11T142530.818.mp4,ai_slop
data/7ef9ce47-7572387860452527368.mp4,sexual_harm
data/50bb75d0-7283472861346467073.mp4,self_harm_suicide
data/ed97e6b3-7573393460066127135.mp4,normal_content
data/f80f90d6-Download_-_2026-01-10T180305.977.mp4,scam_fraud
data/f221f341-vio3.mp4,graphic_violence
data/c3061a55-Download_-_2026-01-11T143346.965.mp4,normal_content
data/249c77ad-7577333690888424717.mp4,normal_content
data/88bae340-glambing_40872.mp4,gambling_drugs
data/306c89e1-7513317396854148359.mp4,game_risk_impact
data/037198af-Download_-_2026-01-31T171220.030.mp4,graphic_violence
data/6c3350be-Download_20.mp4,ai_slop
data/ad7b0fdd-7557380375207628052.mp4,sexual_harm
data/e7484a79-Download_-_2026-01-31T171549.117.mp4,ai_slop
data/5b7a69c3-7493555817052900616.mp4,self_harm_suicide
data/2915488f-Download_14.mp4,normal_content
data/647e0169-snaptik.vn_e8dFM.mp4,horror_scary
data/b2589c4b-Download_16.mp4,normal_content
data/46a60f56-ilovetiktok.real-2025-04-05_2119-Ffake-blood-fakeblood-fakebloodwarnin_aQAyUI1.mp4,graphic_violence
data/101021da-7463356206673825032.mp4,normal_content
data/4d3f012d-Download_-_2026-01-12T094154.948.mp4,horror_scary
data/0acaa2a4-7561021909140344066.mp4,"dangerous_acts,cultural_violation"
data/3da0d701-7488303470546554167.mp4,politically_sensitive
data/ad01e41d-7515638518719352072.mp4,normal_content
data/f588f1d5-7558298807465774344.mp4,normal_content
data/b52ab421-7522182558033972487.mp4,ai_slop
data/92bcb2e5-Download_-_2026-01-12T091638.165.mp4,toxic_behavior
data/823d170c-7574024335598357780.mp4,self_harm_suicide
data/f3632b4f-7573622822539463954.mp4,normal_content
data/2f709fd5-7563361282896825618.mp4,toxic_behavior
data/5a785d99-Download_-_2026-01-31T170405.283.mp4,graphic_violence
data/18b830ad-Download_4.mp4,ai_slop
data/5991113c-7579901560780606727.mp4,normal_content
data/487f0fee-user67701184951972-2025-07-13_1346-aviamasters-gaming-aviator-fiboex-f_H0liO4c.mp4,"gambling_drugs,game_risk_impact"
data/1a38b8ae-7547261051230833921.mp4,sexual_harm
data/dba0f09b-7541764595602443575.mp4,normal_content
data/780247cb-glambing_23215.mp4,gambling_drugs
data/3ebf32fa-7571715551916018965.mp4,normal_content
data/48db1679-7564442919403310356.mp4,normal_content
data/dbcd1f87-lthc.lsvn-2025-07-12_1908-Phật-Hoàng-Trần-Nhân-Tông-trannhantong-phath_fnK23s7.mp4,educational_history
data/bd0fd0fa-Download_91.mp4,cultural_violation
data/f5cd9ee0-7485781459773459720.mp4,self_harm_suicide
data/1a0a5edc-7475949747820432647.mp4,normal_content
data/1fcdf045-nhn.nguyn6283-2026-01-31_2049-Kiev-Ukraine-ngập-tràn-những-chú-ong-760_xLGzqH8.mp4,politically_sensitive
data/914333eb-7294525943329180929.mp4,cultural_violation
data/36bf4b3b-7534358828435918088.mp4,normal_content
data/670d0a1e-7429771478507293960.mp4,normal_content
data/67f533a4-thebigjackpot-2025-06-09_0300-DOMINATING-DRAGON-LINK-LIKE-A-PRO-casino_jwtVR4L.mp4,gambling_drugs
data/3335d81b-7530192941898370305.mp4,graphic_violence
data/eb08af84-7472995510446607623.mp4,normal_content
data/f1cfa304-xinchaovietnam.lkh-2025-01-13_2019-Tổng-quan-lịch-sử-Việt-Nam-từ-thời-_h151ysF.mp4,educational_history
data/97085f13-Download_-_2026-01-12T101135.933.mp4,horror_scary
data/8d281588-7491729342809017608.mp4,normal_content
data/ef6a6c43-7477599708030962951.mp4,educational_history
data/db4bca56-Download_-_2026-01-12T092242.367.mp4,normal_content
data/009c9cf2-Download_91.mp4,normal_content
data/d541b2b0-7560644749410012424.mp4,sexual_harm
data/2f9b3974-7579242235473005842.mp4,normal_content
data/8f99796f-Download_88.mp4,"graphic_violence,game_risk_impact"
data/65ce379f-7578867036923628807.mp4,game
data/66852b18-7389497217553288455.mp4,dangerous_acts
data/99bb99c0-7490020709352197381.mp4,normal_content
data/a25f10e3-glambing_35961.mp4,"gambling_drugs,game_risk_impact"
data/e9fa2708-cul9.mp4,cultural_violation
data/6cf6edf1-7582598588258192658.mp4,dangerous_acts
data/6e309a1f-7556162366929423634.mp4,normal_content
data/f2161b25-Download_-_2026-01-31T170940.215.mp4,"graphic_violence,self_harm_suicide"
data/5b5e0c52-Download_-_2026-01-12T101602.303.mp4,"game_risk_impact,horror_scary"
data/d37ecc8b-glambing_61156.mp4,"toxic_behavior,cultural_violation"
data/cf55bd36-7584228603932445970.mp4,normal_content
data/fcbf5ea7-motvongsuviet-2025-03-02_2004-Năm-1400-Nhà-Trần-Sụp-Đổ-Nhà-Hồ-Lên-Ngôi_xjTTQFl.mp4,educational_history
data/614b0cfd-Download_84.mp4,graphic_violence
data/30fb4a43-Download_-_2026-01-12T100338.789.mp4,sexual_harm
data/3e4102a8-Download_-_2026-01-31T171026.663.mp4,graphic_violence
data/2d3deab0-Download_-_2026-01-10T171453.369.mp4,sexual_harm
data/5c3b4631-7542146509727599895.mp4,"dangerous_acts,normal_content"
data/215e0acf-7562531216738536712.mp4,normal_content
data/9d2097f6-7536155299372207367.mp4,politically_sensitive
data/c4a0d6e4-thegioithaydoi-2025-10-30_0721-Bạn-có-biết-tại-sao-cuộc-xung-đột-Nga-U_kP0u701.mp4,politically_sensitive
data/f1330dd8-Download_-_2026-01-12T092255.190.mp4,toxic_behavior
data/527ba3ff-7485275775290199304.mp4,normal_content
data/d3483354-Download_-_2026-01-12T223721.722.mp4,scam_fraud
data/bb7dbefc-Download_-_2026-01-11T151223.661.mp4,dangerous_acts
data/87c9b139-7583248664622009618.mp4,sexual_harm
data/9cc47b24-Download_-_2026-01-11T150931.747.mp4,sexual_harm
data/b2caebad-Download_-_2026-01-12T093147.720.mp4,toxic_behavior
data/022956ef-culture-edge-9341.mp4,cultural_violation
data/7b3f9836-7382106596547038472.mp4,normal_content
data/c66258a4-7570357385039334677.mp4,toxic_behavior
data/25190f41-7523908207912176904.mp4,sexual_harm
data/0d0850d7-tuihocsu-2025-05-14_1612-Tóm-tắt-nhanh-lịch-sử-Việt-Nam-qua-4000-năm-c_ARhpDCj.mp4,educational_history
data/6dcbb0b6-7566119748249996564.mp4,"toxic_behavior,sexual_harm,cultural_violation"
data/9c5d0622-7532510474340994322.mp4,toxic_behavior
data/fb1cc6b0-dhg.9696-2022-02-25_1047-sponsored-Trả-lời-thanhsonbui1211-huhu-k-dùng_8lknypq.mp4,gambling_drugs
data/344b2bd3-7565056067768569143.mp4,normal_content
data/4c3cf60f-7461178111577640210.mp4,normal_content
data/d48aca36-7573668730761252118.mp4,sexual_harm
data/7402e45d-7471189158636326152.mp4,normal_content
data/3685d232-7583936378233179410.mp4,politically_sensitive
data/f1f1284e-bankerthichcode-2025-07-20_1708-Mậu-Thân-1968-trận-Thành-cổ-Quảng-Trị-_2kw7Lwl.mp4,educational_history
data/168a8034-7573680741725277470.mp4,sexual_harm
data/abe54301-sc3.mp4,scam_fraud
data/30d51a4f-7426010179461860626.mp4,normal_content
data/43a8ec58-7508888987910655239.mp4,normal_content
data/129878de-7581971790868532487.mp4,"normal_content,horror_scary"
data/98993df6-7558417977180179719.mp4,normal_content
data/744ac5bb-Download_62.mp4,game_risk_impact
data/d5f213d4-7354022456589356296.mp4,normal_content
data/daa62596-7568790561214188820.mp4,normal_content
data/eca8c39f-hoiucviet.ai-2025-12-27_2010-Mạc-Cửu-là-ai-và-hành-trình-khai-sinh-vùn_EhVitbX.mp4,educational_history
data/fee2eb85-Download_-_2026-01-31T171158.017.mp4,graphic_violence
data/a3c4b386-7426389769141210375.mp4,normal_content
data/130f5a7c-7455467985805790480.mp4,self_harm_suicide
data/55dea809-7582920269610683669.mp4,sexual_harm
data/3b90a0b3-7474975125566278919.mp4,normal_content
data/e248fb4a-Download_-_2026-01-10T180927.739.mp4,scam_fraud
data/e04e1b2e-Download_-_2026-01-31T173015.639.mp4,dangerous_acts
data/36be208f-Download_-_2026-01-11T153555.085.mp4,"graphic_violence,normal_content"
data/01355705-7342488663340616967.mp4,sexual_harm
data/e467618a-7505013614177307911.mp4,sexual_harm
data/46c4004b-7291232928498011394.mp4,normal_content
data/a0783807-7535648913185852679.mp4,normal_content
data/858aead5-7574671538780228919.mp4,normal_content
data/6bc2d5db-cul6.mp4,"toxic_behavior,cultural_violation"
data/bea9a48c-Download_57.mp4,graphic_violence
data/2f95567d-7566140632134143250.mp4,"normal_content,toxic_behavior"
data/f049ad66-7031923356786117915.mp4,"game,toxic_behavior"
data/46f94250-7518000792067050808.mp4,sexual_harm
data/904fb392-7574805799495601415.mp4,normal_content
data/478bfddf-Download_33.mp4,graphic_violence
data/4bb9a9ff-thongthai.bookstore-2025-10-19_2147-Mậu-Thân-1968-TikTokAwardsVN-thong_CbwZ0hJ.mp4,educational_history
data/e585f458-7472735044562636050.mp4,politically_sensitive
data/02b97d20-7556493668019047687.mp4,normal_content
data/d1f11be4-7544869034563734786.mp4,toxic_behavior
data/d232c527-Download_38.mp4,graphic_violence
data/0f12c636-7361257935604911365.mp4,normal_content
data/d146cd78-7569242801012002056.mp4,normal_content
data/2792c4fe-Download_-_2026-01-11T151416.547.mp4,dangerous_acts
data/de1e99a2-Download_-_2026-01-12T095425.713.mp4,cultural_violation
data/8848b741-glambing_87556.mp4,"gambling_drugs,game_risk_impact"
data/f97bc52f-still_us-2025-11-26_1505-TW-BLOOD-creepy-video-he-he-he-animation-anim_GuHtSlt.mp4,"graphic_violence,horror_scary"
data/91c5dc52-simpalkharel-2023-08-30_2314-FAKE-BLOOD-instagram-simpal_kharel-fakebl_z0MD7jV.mp4,graphic_violence
data/7fe98d0c-7586158759961988370.mp4,normal_content
data/1c43640c-Download_-_2026-01-31T172913.039.mp4,dangerous_acts
data/2d7a9f9b-7487420346727959813.mp4,toxic_behavior
data/ec7b7b77-Download_95.mp4,horror_scary
data/06cb1889-7569655453618048277.mp4,toxic_behavior
data/4d1dfa3d-7584061613116837137.mp4,game
data/76d11f44-7572016738242432264.mp4,normal_content
data/bcff5509-7578765411693399317.mp4,normal_content
data/831e7f4a-7447057128176520456.mp4,game_risk_impact
data/88c799e7-7271397973949435168.mp4,horror_scary
data/882585c9-7570279391024925970.mp4,cultural_violation
data/e3cb23cb-7579543136972655879.mp4,normal_content
data/235c8d9e-TikDown.com_TikTok_Media_001_fdc573dcde91809673cb8b86113cc698.mp4,"graphic_violence,sexual_harm"
data/65d06c3b-Download_-_2026-01-10T190906.177.mp4,sexual_harm
data/99d16b85-tipustudio.vn-2025-10-30_1037-CÁNH-BÁO-A-Tất-cả-hình-ảnh-ma-u-me-trong_eiEsKQ4.mp4,graphic_violence
data/b129a94a-7271158311507070214.mp4,normal_content
data/9f989b56-7272667487672519968.mp4,normal_content
data/bc46895b-7555721719340649739.mp4,normal_content
data/13621a3f-7573343709006269710.mp4,game
data/70abd8e3-nami05er-2023-02-01_1942-Trả-lời-bilem8-Nghe-nói-anh-thích-một-cô-gái-_iD11JEq.mp4,gambling_drugs
data/8589b63a-Download_78.mp4,scam_fraud
data/cd249188-Download_63.mp4,graphic_violence
data/7f79ef7d-7580673339757169942.mp4,normal_content
data/888fc9e9-7385130460541750546.mp4,normal_content
data/5e82bb8f-Download_-_2026-01-12T221311.773.mp4,scam_fraud
data/fdf83d89-7587367352820321556.mp4,normal_content
data/a25b25de-Download_-_2026-01-10T171846.843.mp4,scam_fraud
data/ee877e13-7222635973643914523.mp4,normal_content
data/b08042d4-7582790346275343637.mp4,sexual_harm
data/4cc19f77-Download_-_2026-01-10T190543.229.mp4,sexual_harm
data/d42e175b-Download_-_2026-01-11T151748.023.mp4,dangerous_acts
data/6bdc932a-7589258806589213959.mp4,dangerous_acts
data/4347f086-Download_-_2026-01-10T190227.935.mp4,cultural_violation
data/1f9d81ac-Download_87.mp4,game_risk_impact
data/a92a39df-7526184871383829778.mp4,"normal_content,horror_scary"
data/8075c107-jarnmoochannels-2025-11-27_1524-ว-ธ-การทำ-โทษ-ด-วยการ-อบ-ท-งเป-น-ด-วยโ_cOT9o28.mp4,graphic_violence
data/5315973f-7581778575938850068.mp4,normal_content
data/71aa7189-culture-edge-5041.mp4,"dangerous_acts,cultural_violation"
data/b1751f9c-7525671540185206023.mp4,"dangerous_acts,normal_content,cultural_violation"
data/72a36043-Download_2.mp4,ai_slop
data/3bc39c1d-7572076100793224468.mp4,"normal_content,toxic_behavior"
data/c011f460-7578350736203926792.mp4,normal_content
data/3aaa5b51-7581831940316204318.mp4,normal_content
data/8cfa94af-Download_-_2026-01-12T091708.052.mp4,normal_content
data/951529dc-Download_-_2026-01-11T153304.230.mp4,self_harm_suicide
data/c4932290-7579488594625039634.mp4,horror_scary
data/c6451fe5-7178847531676241178.mp4,"normal_content,toxic_behavior"
data/52e93e04-7490093286246436104.mp4,normal_content
data/a2bf620b-Download_72.mp4,"graphic_violence,game_risk_impact"
data/ce086f85-Download_-_2026-01-10T190819.200.mp4,sexual_harm
data/3758caf9-7536818633079590162.mp4,normal_content
data/8d60bfa5-Download_-_2026-01-12T092042.618.mp4,toxic_behavior
data/95d83e05-sydneypurl-2022-06-15_0227-IB-Xowie-Jones-kryolanmakeup-eyeblood-creep_9U9gsx5.mp4,graphic_violence
data/f68377e2-7518137631897668882.mp4,normal_content
data/a541e274-7538425203102125334.mp4,normal_content
data/14c79c9c-amstories01-2023-05-04_0940-The-MAN-with-the-BLOODY-FACE-OC-flash-HORR_tDFDXwH.mp4,graphic_violence
data/00e8f05b-7544691069271690504.mp4,normal_content
data/d1c2dae5-Download_-_2026-01-11T152951.886.mp4,self_harm_suicide
data/7ba936e6-7331702780513504520.mp4,normal_content
data/19ce15b3-7564695609068899602.mp4,"normal_content,toxic_behavior"
data/e64d5b3d-7518434317190712594.mp4,normal_content
data/d32703f5-7264058083616230658.mp4,"game,toxic_behavior"
data/8d4298a8-7584240051291163924.mp4,scam_fraud
data/c164283b-7588079895532539154.mp4,normal_content
data/2eff6ce3-sthvskhbook_official8-2025-10-22_1200-Đức-Thánh-Trần-Hưng-Đạo-1228-130_REI55NJ.mp4,educational_history
data/60084ae1-7196880442581191938.mp4,normal_content
data/e190dbca-7572173544868842760.mp4,sexual_harm
data/33c557b1-7565273136720055570.mp4,sexual_harm
data/23e4986f-7435087822157122848.mp4,ai_slop
data/0865473f-Download_-_2026-01-11T141911.300.mp4,normal_content
data/e86cab74-7569557060363291912.mp4,self_harm_suicide
data/46087b59-7551404843055746359.mp4,"toxic_behavior,dangerous_acts,cultural_violation"
data/9225aa88-Download_-_2026-01-12T101650.678.mp4,"game_risk_impact,sexual_harm"
data/d8f2404e-Download_-_2026-01-11T153832.614.mp4,self_harm_suicide
data/cc1e5349-7406828929220168992.mp4,normal_content
data/fb8072ee-Download_23.mp4,horror_scary
data/c6759455-7454242594755759382.mp4,sexual_harm
data/d925718b-Download_-_2026-01-11T151356.731.mp4,dangerous_acts
data/8518d37f-7565550486988803346.mp4,educational_history
data/4bf83fd5-7300519662012337409.mp4,normal_content
data/1aac7cc2-TikDown.com_TikTok_Media_001_3929c15453b90da71d86bc4063504186.mp4,"ai_slop,horror_scary"
data/6ac1b0f0-7482406850764229905.mp4,normal_content
data/530f0952-7488251712503958800.mp4,normal_content
data/aaaac304-7584047726338395410.mp4,normal_content
data/c54f5d1d-Download_-_2026-01-12T091959.671.mp4,normal_content
data/3fd762cb-7581625667217935636.mp4,normal_content
data/e93fd834-7441549642644393223.mp4,normal_content
data/70796e03-7566247623196298503.mp4,normal_content
data/720b6f24-7545483613589097758.mp4,normal_content
data/cf6e2d1c-7354361769369898247.mp4,normal_content
data/6b5cf051-7565102665223474439.mp4,normal_content
data/ae83bc5f-Download_-_2026-01-11T153139.566.mp4,normal_content
data/1b5fab14-Download_-_2026-01-12T093025.140.mp4,toxic_behavior
data/c49bf3ef-7509674996558613768.mp4,sexual_harm
data/bd88517a-Download_-_2026-01-10T180609.472.mp4,scam_fraud
data/cd1efe1e-7573905379826961684.mp4,politically_sensitive
data/f3b7efe9-7492239226927435026.mp4,normal_content
data/277989c5-7375241994748071186.mp4,normal_content
data/d5a3acd1-7309065163099966728.mp4,"gambling_drugs,normal_content"
data/df1fe36f-7425687905487572232.mp4,normal_content
data/7a411177-thegioi.34-2025-09-08_1749-CRE-BATTLECRY-MADAME-BÌNH-DƯỚI-GÓC-NHÌN-CỦA_KxRpE9g.mp4,educational_history
data/011d8b70-7579635291435060501.mp4,sexual_harm
data/97ad92a6-7573180272217279762.mp4,self_harm_suicide
data/83964da4-7483585201369517367.mp4,horror_scary
data/58eaa8ae-7504242219549756690.mp4,normal_content
data/c597dbd2-7580231010223197460.mp4,normal_content
data/ab58e25d-snaptik.vn_pXC11.mp4,graphic_violence
data/6a3251df-sth_official0-2025-09-30_1206-Ba-lần-giặc-Nguyên-Mông-kéo-sang-ba-lần-_5Y6aMWw.mp4,educational_history
data/b3fa418a-7563461993991064844.mp4,normal_content
data/3a58d7d5-7556485019888340242.mp4,"gambling_drugs,normal_content"
data/ea4ecf99-glambing_52667.mp4,gambling_drugs
data/3a311f9a-7526752691154865426.mp4,sexual_harm
data/648759e8-Download_94.mp4,graphic_violence
data/874e61fb-7260511701894728962.mp4,self_harm_suicide
data/4572534e-camlanh6899-2024-09-16_2110-camlanhgiuamuahe-story-7415243145065057544.mp4,self_harm_suicide
data/1b94ee09-TikDown.com_TikTok_Media_001_c01c5f04c59d159e33b378a79406d450.mp4,sexual_harm
data/267a5eba-7581458010317278486.mp4,normal_content
data/d476fcb0-7101901578768076059.mp4,game_risk_impact
data/a8d69589-7348973110709849376.mp4,normal_content
data/50de7cab-7555168849335749900.mp4,horror_scary
data/3e89b046-7521112917509475602.mp4,game
data/0e61ed61-mznews_official-2025-11-10_1805-Này-là-do-ảnh-hưởng-từ-trận-tập-kích-c_h07ckLy.mp4,politically_sensitive
data/7c93e8b2-7548754762913664278.mp4,cultural_violation
data/f88c74de-Download_-_2026-01-10T181437.513.mp4,scam_fraud
data/b3820c72-hamrong79-2024-09-10_1713-vietnam-lichsuvietnam-bodoicuho-quandoinhand_tjSl8Eb.mp4,politically_sensitive
data/4eaa5244-7532165932815371527.mp4,educational_history
data/c0474495-Download_-_2026-01-12T091555.075.mp4,cultural_violation
data/2140312c-Download_-_2026-01-11T141938.277.mp4,normal_content
data/1be1a647-7535363759120960775.mp4,politically_sensitive
data/7028d3d1-7160675255583853826.mp4,normal_content
data/403b1ec1-7531158501264035094.mp4,horror_scary
data/b3049ca1-7568057828439575829.mp4,politically_sensitive
data/0c5b7fab-dereck_hermunda-2025-10-30_1335-Full-story-so-I-was-playing-bloody-bas_zkdVKGy.mp4,"graphic_violence,game_risk_impact"
data/88f9bfe6-Download_-_2026-01-11T150707.343.mp4,normal_content
data/9c209ba0-dauan.lichsu-2025-03-23_1204-Chiến-dịch-Huế-Đà-Nẵng-1975-phần-5-.-Nguồ_KtuqrJO.mp4,educational_history
data/9cfa98c9-camlanh6899-2025-04-15_2203-camlanhgiuamuahe-story-7493555817052900616.mp4,self_harm_suicide
data/a023c539-Download_-_2026-01-11T151457.501.mp4,normal_content
data/3901fed4-7584058969145003284.mp4,normal_content
data/568b063b-Download_7.mp4,ai_slop
data/06087e36-7369726283414048005.mp4,horror_scary
data/256fee16-nhn.nguyn6283-2026-01-27_0918-Kiev-Ukraine-thủ-phủ-đã-chìm-trong-bóng-_GvykJZj.mp4,politically_sensitive
data/834d348d-7580560664742153479.mp4,horror_scary
data/a24bf013-7265247189356662018.mp4,normal_content
data/fc45c68e-7585711212369923335.mp4,normal_content
data/0f220f27-7584377393763126529.mp4,normal_content
data/e2481e71-TikDown.com_TikTok_Media_001_470eaeeaaa1043fe052df3e7b989bf02.mp4,"sexual_harm,cultural_violation"
data/dbf308ec-Download_-_2026-01-10T172023.127.mp4,"scam_fraud,normal_content"
data/e4ced520-7471375069139225874.mp4,game
data/c2555618-7554939073899613460.mp4,normal_content
data/60dc8c87-7561696090030984449.mp4,normal_content
data/f1011eb2-7555866025460305160.mp4,normal_content
data/719a2e2c-7314831698624023841.mp4,normal_content
data/71a2ccdb-threads.h.h-2024-07-26_1237-bắn-cá-vui-vẻ-lễ-hội-bắn-cá-giaitri-banca-_Q6b1FuT.mp4,"gambling_drugs,game_risk_impact"
data/3440d495-7406228576355273992.mp4,educational_history
data/1d60a836-7556650308437331218.mp4,ai_slop
data/8d1f21b9-Download.mp4,"graphic_violence,cultural_violation"
data/73ba186a-Download_-_2026-01-11T143851.662.mp4,toxic_behavior
data/387103af-7577326699193355534.mp4,normal_content
data/cc8aee18-Download_-_2026-01-10T171611.887.mp4,sexual_harm
data/a5e201f4-meamdaosy93-2025-09-02_1143-Chúc-Mừng-Quốc-Khánh-2-9-Việt-Nam-Cộng-Sản_Lu0p5Vu.mp4,politically_sensitive
data/79bc97a1-7210261530128993563.mp4,normal_content
data/65ef0814-hardwaystore-2022-09-20_1828-Trận-đấu-khốc-liệt-mmavietnam-muaythai-vo_3BrCFs5.mp4,graphic_violence
data/f9843715-Download_-_2026-01-12T101623.303.mp4,"game_risk_impact,horror_scary"
data/6eafad14-Download_-_2026-01-12T094630.230.mp4,horror_scary
data/383c5ba6-glambing_60846.mp4,gambling_drugs
data/1641dbf4-7586535581144861970.mp4,normal_content
data/7dc678b9-cul17.mp4,cultural_violation
data/85f54d12-moc1902-2023-06-27_1330-Họ-Lê-31-1-vị-vua-và-câu-chuyện-người-việt-thu_0JxKX2L.mp4,educational_history
data/b75d8bdd-Download_66.mp4,"game,toxic_behavior"
data/9ec75a02-user5055555505-2025-11-03_1307-如果你一次都不嘗試又怎麼能體驗到呢-阮文龙99997-阿龙澳门-7568376_dcGcQJM.mp4,gambling_drugs
data/eb6e65ec-Download_11.mp4,graphic_violence
data/ad4108cb-7527643930230377742.mp4,normal_content
data/1352e64d-snaptik.vn_OZ1zs.mp4,"ai_slop,horror_scary"
data/c0555860-Download_-_2026-01-10T171821.548.mp4,scam_fraud
data/4c993e24-kienthuclichhsuvn-2025-02-21_1130-Lời-kêu-gọi-chống-Mỹ-cứu-nước-kienth_Z5UaOZe.mp4,educational_history
data/19474e87-7572159807046634760-500.mp4,normal_content
data/40673622-7514974814772219142.mp4,normal_content
data/bef342db-7501178945531006226.mp4,sexual_harm
data/342e4ab7-7584053454734167303.mp4,normal_content
data/193fe54e-7476491650634665262.mp4,normal_content
data/f789f2d3-lichsu.101-2025-05-26_0836-60-NĂM-CHIẾN-THẮNG-NÚI-THÀNH-26-05-1965-26-_iwqq1dP.mp4,educational_history
data/fa864371-7564059508226395403.mp4,game
data/73c0dc45-7520956425401683218.mp4,"horror_scary,cultural_violation"
data/9c16e510-culture-edge-4481.mp4,"dangerous_acts,cultural_violation"
data/02aa9da5-culture-edge-4168.mp4,dangerous_acts
data/32eec676-Download_56.mp4,horror_scary
data/0f249fc0-7582154391461940494.mp4,normal_content
data/93241150-7261043660551163137.mp4,normal_content
data/a885c3b8-snaptik.vn_axIuW.mp4,dangerous_acts
data/0962ac31-7558018207253138719.mp4,ai_slop
data/6e062378-7584052320262966535.mp4,normal_content
data/7f3bdf00-7574084482072988935.mp4,normal_content
data/8477d173-Download_-_2026-01-12T092132.097.mp4,cultural_violation
data/b8899aaf-7374298638446611730.mp4,normal_content
data/511934c8-Download_90.mp4,"graphic_violence,game_risk_impact"
data/6485403f-7554296005030645003.mp4,normal_content
data/1f8a9e3a-fanchautinhtrine-2025-06-15_1623-Châm-một-điếu-thuốc-đốt-những-điều-kh_2G63I8Q.mp4,gambling_drugs
data/a97bd7c4-7577768181163429142.mp4,normal_content
data/07694d94-7441163841901317418.mp4,dangerous_acts
data/0b6f5096-Download_94.mp4,scam_fraud
data/dd2bb502-7553653996620156178.mp4,normal_content
data/56a4ac21-7570177830772903169.mp4,normal_content
data/54cbb7f3-linlinhyeulichsu-2025-03-10_1849-Bác-sống-như-trời-đất-của-ta-Yêu-từng_p3PO3D3.mp4,educational_history
data/e546be15-7112792563324669210.mp4,normal_content
data/381b73cd-7510954877749628178.mp4,"sexual_harm,dangerous_acts"
data/001bbcb4-dangket1982-2025-04-17_1931-những-cuộc-hỗn-chiến-của-những-chú-chó-hoa_oF6jjG0.mp4,graphic_violence
data/61f8c684-7279806259790925074.mp4,cultural_violation
data/248e42ab-7564994620510244103.mp4,normal_content
data/20715c52-Download_42.mp4,horror_scary
data/9a5d5ce3-glambing_82430.mp4,gambling_drugs
data/1b783072-7584050424311844104.mp4,normal_content
data/9073008d-7543867542863990032.mp4,sexual_harm
data/aa8a9db5-7580975516438564114.mp4,"game_risk_impact,horror_scary"
data/52cf6a83-7316182992655781153.mp4,normal_content
data/bf196353-7216643352576527621.mp4,toxic_behavior
data/3306f64f-7500790246251040020.mp4,game_risk_impact
data/5714d543-tuantienti2911-2020-12-22_2203-TẦM-NHÌN-VĨ-ĐẠI-CỦA-CHỦ-TỊCH-HỒ-CHÍ-MIN_eOAXHPK.mp4,educational_history
data/deb810ab-7542123270196317460.mp4,normal_content
data/c067b948-7578375073447349559.mp4,normal_content
data/a1bc4a22-7484608310151236871.mp4,normal_content
data/842adfc4-6649526540696554753.mp4,normal_content
data/aba933f1-7524370475129015583.mp4,game
data/4d6971cf-Download_-_2026-01-31T170448.303.mp4,graphic_violence
data/f51233e7-7545752037548412167.mp4,politically_sensitive
data/c859e86a-sc7.mp4,scam_fraud
data/eb575048-7589266800144125202.mp4,normal_content
data/bd548959-tacgia_paulo.coelho-2025-07-13_2358-Kể-chuyện-về-trang-sử-hào-hùng-trậ_05vDXc3.mp4,educational_history
data/9d557519-7269335274193243397.mp4,normal_content
data/e9b32e3c-7304712679069994283.mp4,normal_content
data/5a6112df-7585029771948559623.mp4,normal_content
data/57411fd0-7532007867818233110.mp4,sexual_harm
data/f82b099f-Download_-_2026-01-12T091937.625.mp4,cultural_violation
data/45fb9081-6904290562032061697.mp4,toxic_behavior
data/194c6942-7584022807022013707.mp4,normal_content
data/0bbe025b-7536807587484912914.mp4,normal_content
data/0855c6ef-7533539902886022408.mp4,normal_content
data/e9171bff-7469677578522070279.mp4,"dangerous_acts,normal_content"
data/8aca354e-7567550862097190166.mp4,normal_content
data/7d109bfc-7550238486276705554.mp4,normal_content
data/b826fe8b-7575338302706945288.mp4,normal_content
data/6c1fc719-7519062286208716040.mp4,normal_content
data/65473e16-7563244372641287444.mp4,normal_content
data/2f6e17f4-7565413188452502802.mp4,sexual_harm
data/59f4d2ce-7433232095314496786.mp4,normal_content
data/c35aa504-glambing_83331.mp4,"game_risk_impact,scam_fraud"
data/227c0ef4-6647194780155514113.mp4,normal_content
data/5762c7be-TikDown.com_TikTok_Media_001_fc622eaf17a194a4aa1ecb64493b35a4.mp4,scam_fraud
data/aac1de85-snaptik.vn_TpPre.mp4,graphic_violence
data/915ed939-khanhsuthi2473-2025-03-29_1330-Cũng-là-ngoại-giao-nhưng-mà-nó-lạ-lắm-l_RljpunQ.mp4,educational_history
data/8e8d6f27-Download_-_2026-01-12T092123.139.mp4,cultural_violation
data/722361f3-Download_69.mp4,"graphic_violence,game_risk_impact"
data/921588f2-7588489233153772808.mp4,normal_content
data/ee3e1971-7130169073979231494.mp4,game_risk_impact
data/10598b6f-7566533677346295056.mp4,normal_content
data/65393887-Download_-_2026-01-31T175049.685.mp4,"dangerous_acts,self_harm_suicide"
data/fe3cc556-7387023903907925266.mp4,normal_content
data/a34c5606-7219713979671645441.mp4,normal_content
data/e9dccadc-7400251664818523425.mp4,normal_content
data/8c9dee8c-7583317740564303134.mp4,normal_content
data/6903cebb-7324656496581561605.mp4,"game,toxic_behavior"
data/3fce3066-Download_44.mp4,"ai_slop,horror_scary"
data/743233bf-Download_83.mp4,scam_fraud
data/a84aef30-thatsudochai-2024-03-02_0036-hutthuoc-apluc-stress-dongluc-xuhuong-734_4snqDHO.mp4,gambling_drugs
data/3d4737a4-7587034542842629384.mp4,dangerous_acts
data/6345d1bb-cul10.mp4,cultural_violation
data/2611628b-7488648414855531784.mp4,horror_scary
data/385dcb93-Download_-_2026-01-12T092608.579.mp4,normal_content
data/6a108982-b.o.s.vit-2025-05-03_1959-Drama-mở-màn-triều-trần-gọi-tên-Trần-Thái-Tô_vyQwChx.mp4,educational_history
data/f4fa6ca7-Download_39.mp4,horror_scary
data/0d484224-7547747155352571154.mp4,sexual_harm
data/db0f8d68-7276471498179644674.mp4,normal_content
data/f9511a88-7309047685464493314.mp4,"toxic_behavior,normal_content,cultural_violation"
data/3a44b060-Download_21.mp4,ai_slop
data/014a5efa-7568949424362130699.mp4,normal_content
data/cb767f68-7253722837054262533.mp4,normal_content
data/c624c15a-snaptik.vn_j5bQ9.mp4,"gambling_drugs,cultural_violation"
data/28d8e88c-culture-edge-6411.mp4,"sexual_harm,cultural_violation"
data/7f3d8289-7527107029857488142.mp4,"graphic_violence,game,horror_scary"
data/3316f4a8-Download_48.mp4,"ai_slop,sexual_harm"
data/a955ad03-7192037588038110510.mp4,normal_content
data/d341cbab-Download_-_2026-01-10T180638.066.mp4,scam_fraud
data/c974c1ab-Download_72.mp4,"game_risk_impact,toxic_behavior"
data/b7a9b9a4-glambing_77336.mp4,gambling_drugs
data/16a87b7c-glambing_51840.mp4,gambling_drugs
data/aee109c1-7335802971038502151.mp4,normal_content
data/9d8d8095-culture-edge-9920.mp4,"game_risk_impact,dangerous_acts,cultural_violation"
data/5849a8d7-7552533449341439240.mp4,dangerous_acts
data/fdc0b9fb-Download_-_2026-01-31T170332.776.mp4,graphic_violence
data/df3271f1-Download_71.mp4,horror_scary
data/eb53044d-vio4.mp4,graphic_violence
data/6070392f-nhungvandedialy-2024-08-14_1300-Lãnh-thổ-thời-kỳ-Nhà-Lý-Lãnh-thổ-Việt-_FIJVfvs.mp4,educational_history
data/9b5c6c21-tutai5229-2024-12-18_2139-Trịnh-Nguyễn-phân-tranh-là-thời-kỳ-phân-chia_eHDJLBC.mp4,educational_history
data/71341b7b-Download_51.mp4,graphic_violence
data/fd843c1b-Download_-_2026-01-11T144235.363.mp4,educational_history
data/f6f37a7f-7554062413985844496.mp4,normal_content
data/82463baf-Download_5.mp4,horror_scary
data/9a5e8f64-chill2001e-2022-05-26_1512-App-kiếm-tiền-siêu-dễ-cho-ae-Link-mìn-để-ph_EuzW3EK.mp4,scam_fraud
data/8df73df1-7352110727626312966.mp4,sexual_harm
data/7743febb-TikDown.com_TikTok_Media_001_e2cb22a843a9eec0e6a9ac570c5ef5f2.mp4,graphic_violence
data/fda5f86b-Download_-_2026-01-12T101413.649.mp4,normal_content
data/84538b6b-suthatkhoahocc-2025-06-07_0835-Bạn-nghĩ-hình-phạt-này-có-đủ-nghiêm-khắ_bpk7DcF.mp4,graphic_violence
data/081c2bd5-Download_-_2026-01-11T150611.652.mp4,ai_slop
data/35986139-7580335273276460296.mp4,normal_content
data/3404297b-Download_86.mp4,horror_scary
data/a0ae8aa8-lilwyn_x-2025-05-16_2301-7505074333249719559.mp4,self_harm_suicide
data/913a6cb3-7newsadelaide-2025-04-05_1330-EXCLUSIVE-Shocking-video-obtained-by-7NE_A7T4cuC.mp4,graphic_violence
data/ca8f05c7-7101566691812953371.mp4,game_risk_impact
data/24432dda-7515691122329505031.mp4,normal_content
data/9d336f1a-7475354804877806856.mp4,normal_content
data/d3233069-Download_-_2026-01-10T191014.956.mp4,normal_content
data/8f058af1-7581187992430120205.mp4,normal_content
data/9a848c22-7567939821574950165.mp4,normal_content
data/1e8f3993-culture-edge-7154.mp4,"dangerous_acts,cultural_violation"
data/8f61867c-7500792838418894098.mp4,educational_history
data/a842ae43-Download_-_2026-01-11T143610.281.mp4,toxic_behavior
data/4f5437b6-7563305745291218197.mp4,politically_sensitive
data/102e25f8-7573922190773456135.mp4,ai_slop
data/73a16c96-7568722885263609106.mp4,normal_content
data/12d3d186-7573852369704832276.mp4,normal_content
data/51781cef-gibel_06-2023-08-12_1051-Một-mớ-suy-nghĩ-có-thể-giết-chết-mình-bất-cứ-_clp8Xfa.mp4,self_harm_suicide
data/6291d83b-Download_-_2026-01-11T144900.206.mp4,toxic_behavior
data/cda345f6-culture-edge-7203.mp4,"dangerous_acts,cultural_violation"
data/00cfcaa9-Download_-_2026-01-10T172123.161.mp4,scam_fraud
data/abf54b52-Download_-_2026-01-31T172952.072.mp4,dangerous_acts
data/50098587-7505742998194441490.mp4,educational_history
data/aacfd3f1-7582966356480380168.mp4,normal_content
data/09084c6c-7557740240635481362.mp4,"normal_content,toxic_behavior"
data/da4a2e61-7094244833702759682.mp4,game
data/4c7e7731-7587401715968691464.mp4,educational_history
data/6e053170-7578907685786078472.mp4,sexual_harm
data/0997e78f-7555334001234300161.mp4,"ai_slop,toxic_behavior"
data/76147836-7493495103093214486.mp4,ai_slop
data/7cf2af80-7562688739747646728.mp4,sexual_harm
data/96c7b7ce-7583772541618064670.mp4,normal_content
data/172d7350-7557018103884811527.mp4,normal_content
data/aa953a58-7408214394309463304.mp4,game_risk_impact
data/21c98366-7309105647512030469.mp4,normal_content
data/749fb908-7572655629823757586.mp4,normal_content
data/333b4400-7474247940941286663.mp4,dangerous_acts
data/18d15adb-7574808137824324871.mp4,horror_scary
data/40b32c13-snaptik.vn_cEqbK.mp4,horror_scary
data/8e8cb8d0-7573281701204430101.mp4,dangerous_acts
data/7f27d7db-gibel_06-2023-09-01_1423-Đến-chính-bản-thân-mình-còn-không-biết-ổn-hay_QSa43B6.mp4,self_harm_suicide
data/0bd9f759-cul12.mp4,cultural_violation
data/d9f07235-Download_-_2026-01-12T095030.435.mp4,graphic_violence
data/a99e28b9-culture-edge-9834.mp4,"dangerous_acts,cultural_violation"
data/f40f4d6c-7550769672983973136.mp4,toxic_behavior
data/c67980ff-Download_-_2026-01-12T092117.682.mp4,normal_content
data/565279fc-sc5.mp4,scam_fraud
data/aa2e7ebf-shopthu0608-2023-12-15_1803-mô-phỏng-các-vấn-đề-tai-nạn-lao-động.-hãy-_XQ3wqsB.mp4,graphic_violence
data/4bb3ff08-7453440768825478407.mp4,horror_scary
data/e48163b3-7554962684853128456.mp4,normal_content
data/cc280dbf-Download_-_2026-01-12T094504.833.mp4,"horror_scary,cultural_violation"
data/76723dc1-7578504151898918146.mp4,sexual_harm
data/36a9b67c-7572807485556378888.mp4,sexual_harm
data/2c776bc9-7331737640309443842.mp4,normal_content
data/9752e6e9-7549417837798935816.mp4,normal_content
data/9a5c8dea-7384448837097671944.mp4,normal_content
data/35a776f7-7552465787768835335.mp4,normal_content
data/aa8acb52-Download_-_2026-01-11T151345.545.mp4,dangerous_acts
data/5cb7d80a-7569928697822645525.mp4,"normal_content,cultural_violation"
data/e69128bd-7570474576044444929.mp4,toxic_behavior
data/d8e1e726-7479011962517589255.mp4,graphic_violence
data/273c913c-Download_-_2026-01-10T190916.699.mp4,sexual_harm
data/b70e9daa-Download_41.mp4,ai_slop
data/23aef584-7577964034608123144.mp4,"dangerous_acts,toxic_behavior"
data/cd67ac0f-7561027030330936583.mp4,game
data/639b745c-7460318228926106926.mp4,dangerous_acts
data/563b4549-Download_-_2026-01-10T190211.584.mp4,cultural_violation
data/6385c362-7545288812268735750.mp4,sexual_harm
data/23935c76-7562844884432964872.mp4,normal_content
data/a20e0475-7528095361332792582.mp4,normal_content
data/366c18a2-Download_-_2026-01-31T173451.768.mp4,dangerous_acts
data/06c9ca8b-7589264488470580501.mp4,normal_content
data/b213c4ec-7525669059698953479.mp4,normal_content
data/84e70dfc-TikDown.com_TikTok_Media_001_5a1530f375f06df69882443b1dcdbc0d.mp4,"dangerous_acts,cultural_violation"
data/699eefd7-Download_-_2026-01-11T161410.418.mp4,horror_scary
data/108e1dc7-kirito_kiem_si-2022-11-25_1949-Cho-mày-kéo-một-ngao-này-truonggiang-Re_9PELcj4.mp4,gambling_drugs
data/ea82d94e-Download_-_2026-01-10T191034.964.mp4,"horror_scary,cultural_violation"
data/2ef98f13-Download_3.mp4,graphic_violence
data/fc0b7e2c-7541020212297010439.mp4,politically_sensitive
data/3df12557-7369913300869483806.mp4,scam_fraud
data/64e13ce6-7423851078661311749.mp4,horror_scary
data/ec750a42-7551799207305268487.mp4,normal_content
data/12ce133e-linhluci-2024-09-29_0834-xuhuong-tinmoimoingay-tintuc-7419872412390411538.mp4,graphic_violence
data/cc3c72c6-culture-edge-6345.mp4,cultural_violation
data/ab761e0c-glambing_37114.mp4,gambling_drugs
data/07b71d93-7582658983735954700.mp4,normal_content
data/3b426c22-vio13.mp4,graphic_violence
data/b8230ecc-khanhminh390-2025-01-07_0924-làm-điếu-thuốc-lào-nâng-cao-sĩ-diện...Chữ_P808XFE.mp4,gambling_drugs
data/ba2bf382-7552749704002456862.mp4,horror_scary
data/f769ffdf-7567274418980916500.mp4,politically_sensitive
data/08c979c6-7554962059310451986.mp4,normal_content
data/16d044c8-7489323564609424646.mp4,normal_content
data/4e8c4f05-7135115341566364929.mp4,normal_content
data/8a131a3f-7588731596073716999.mp4,normal_content
data/73073f03-Download_63.mp4,"game_risk_impact,toxic_behavior"
data/038eac3f-7584094004606717205.mp4,sexual_harm
data/c9f50105-7555452543673978130.mp4,sexual_harm
data/2260b0a4-7250759929710005510.mp4,toxic_behavior
data/9e7243b8-Download_-_2026-01-31T171240.826.mp4,graphic_violence
data/d1c7bdfc-Download_33.mp4,ai_slop
data/00f44b17-7506986560986893586.mp4,normal_content
data/189e8779-7581165796118777096.mp4,sexual_harm
data/2e03a6af-7532095614662855967.mp4,normal_content
data/bd93d96f-7323500483086175490.mp4,cultural_violation
data/2d10cdc6-Download_-_2026-01-10T180732.321.mp4,normal_content
data/fd5911cd-7553496229116726535.mp4,normal_content
data/a1698b78-mohammed.alazzawie.moe-2024-09-30_1902-Hình-thức-tra-tấn-tàn-nhần-nhất_mk0WTCB.mp4,graphic_violence
data/62583f1f-Download_-_2026-01-11T153027.254.mp4,cultural_violation
data/62526662-7577568161168510216.mp4,normal_content
data/679050d3-7539935628423597313.mp4,normal_content
data/0898b3cb-7440518144545934599.mp4,game_risk_impact
data/03ae387e-7389282497479068946.mp4,horror_scary
data/a5b1375b-7576659327360961799.mp4,sexual_harm
data/f99149e8-Download_-_2026-01-12T101501.125.mp4,game_risk_impact
data/ca3488f7-7467482105602149650.mp4,ai_slop
data/4e9f93b8-Download_-_2026-01-10T171633.734.mp4,normal_content
data/1a033126-Download_5.mp4,ai_slop
data/0280bdfe-7588501669655088402.mp4,politically_sensitive
data/92b47f4f-cul5.mp4,cultural_violation
data/2e63ee39-7507857936606121246.mp4,dangerous_acts
data/b23b124f-7550619631501741319.mp4,"sexual_harm,normal_content"
data/7f40abc4-Download_93.mp4,horror_scary
data/8c922773-7521688221831548178.mp4,normal_content
data/f103759d-7582622969776573704.mp4,politically_sensitive
data/a10ec656-culture-edge-6712.mp4,"dangerous_acts,cultural_violation"
data/f4c01859-7571812512631393554.mp4,normal_content
data/136d243d-Download_28.mp4,ai_slop
data/ab0c6b68-7577170659126545671.mp4,ai_slop
data/910d0777-7583675044883205394.mp4,normal_content
data/a432d46d-Download_46.mp4,"ai_slop,horror_scary"
data/70f65249-Download_-_2026-01-11T152028.533.mp4,dangerous_acts
data/3f3fe167-Download_-_2026-01-11T161544.410.mp4,"graphic_violence,normal_content"
data/d5241d0e-Download_60.mp4,"game_risk_impact,toxic_behavior"
data/1a06c950-7567563669819657480.mp4,normal_content
